{
	"_version": "1.1.0",
	"resources": [
		{
			"name": "Component-dbg.js",
			"module": "fcg/sll/cmdtycd/manages1/Component.js",
			"size": 3425,
			"isDebug": true,
			"required": [
				"fcg/sll/cmdtycd/manages1/controller/ErrorHandler.js",
				"fcg/sll/cmdtycd/manages1/model/models.js",
				"sap/ui/Device.js",
				"sap/ui/core/UIComponent.js"
			]
		},
		{
			"name": "Component-h2-preload-dbg.js",
			"module": "fcg/sll/cmdtycd/manages1/Component-h2-preload.js",
			"size": 12086,
			"isDebug": true,
			"merged": true,
			"required": [
				"sap/f/semantic/MessagesIndicator.js",
				"sap/f/semantic/SemanticPage.js",
				"sap/f/semantic/SendEmailAction.js",
				"sap/fe/navigation/NavigationHandler.js",
				"sap/fe/navigation/SelectionVariant.js",
				"sap/m/App.js",
				"sap/m/Button.js",
				"sap/m/Column.js",
				"sap/m/ColumnListItem.js",
				"sap/m/Dialog.js",
				"sap/m/FlexItemData.js",
				"sap/m/Label.js",
				"sap/m/Link.js",
				"sap/m/MessageBox.js",
				"sap/m/MessagePage.js",
				"sap/m/MessagePopover.js",
				"sap/m/MessagePopoverItem.js",
				"sap/m/MessageStrip.js",
				"sap/m/MessageToast.js",
				"sap/m/ObjectIdentifier.js",
				"sap/m/OverflowToolbar.js",
				"sap/m/Select.js",
				"sap/m/Table.js",
				"sap/m/Text.js",
				"sap/m/Title.js",
				"sap/m/ToolbarSpacer.js",
				"sap/m/VBox.js",
				"sap/m/semantic/CancelAction.js",
				"sap/m/semantic/FullscreenPage.js",
				"sap/m/semantic/MessagesIndicator.js",
				"sap/m/semantic/SaveAction.js",
				"sap/ui/Device.js",
				"sap/ui/base/Exception.js",
				"sap/ui/base/Object.js",
				"sap/ui/comp/navpopover/SemanticObjectController.js",
				"sap/ui/comp/smartfield/SmartField.js",
				"sap/ui/comp/smartfilterbar/SmartFilterBar.js",
				"sap/ui/comp/smartform/Group.js",
				"sap/ui/comp/smartform/GroupElement.js",
				"sap/ui/comp/smartform/SmartForm.js",
				"sap/ui/comp/smarttable/SmartTable.js",
				"sap/ui/comp/smartvariants/SmartVariantManagement.js",
				"sap/ui/comp/state/UIState.js",
				"sap/ui/core/CommandExecution.js",
				"sap/ui/core/Fragment.js",
				"sap/ui/core/InvisibleText.js",
				"sap/ui/core/Item.js",
				"sap/ui/core/MessageType.js",
				"sap/ui/core/Title.js",
				"sap/ui/core/UIComponent.js",
				"sap/ui/core/message/ControlMessageProcessor.js",
				"sap/ui/core/message/Message.js",
				"sap/ui/core/mvc/Controller.js",
				"sap/ui/core/mvc/XMLView.js",
				"sap/ui/core/routing/History.js",
				"sap/ui/layout/form/SimpleForm.js",
				"sap/ui/model/ChangeReason.js",
				"sap/ui/model/Filter.js",
				"sap/ui/model/FilterOperator.js",
				"sap/ui/model/json/JSONModel.js",
				"sap/ushell/ui/footerbar/AddBookmarkButton.js"
			],
			"included": [
				"fcg/sll/cmdtycd/manages1/Component.js",
				"fcg/sll/cmdtycd/manages1/manifest.json",
				"fcg/sll/cmdtycd/manages1/controller/App.controller.js",
				"fcg/sll/cmdtycd/manages1/controller/BaseController.js",
				"fcg/sll/cmdtycd/manages1/controller/BusinessConstant.js",
				"fcg/sll/cmdtycd/manages1/controller/CreatePage.controller.js",
				"fcg/sll/cmdtycd/manages1/controller/DataModelController.js",
				"fcg/sll/cmdtycd/manages1/controller/EditPage.controller.js",
				"fcg/sll/cmdtycd/manages1/controller/ErrorHandler.js",
				"fcg/sll/cmdtycd/manages1/controller/Exception.js",
				"fcg/sll/cmdtycd/manages1/controller/ExceptionMessage.js",
				"fcg/sll/cmdtycd/manages1/controller/MessageBoxHelper.js",
				"fcg/sll/cmdtycd/manages1/controller/MessagePopoverHelper.js",
				"fcg/sll/cmdtycd/manages1/controller/NotFound.controller.js",
				"fcg/sll/cmdtycd/manages1/controller/Worklist.controller.js",
				"fcg/sll/cmdtycd/manages1/controller/fragment/DialogSetValidityEndDate.js",
				"fcg/sll/cmdtycd/manages1/controller/fragment/SemanticObjectController.js",
				"fcg/sll/cmdtycd/manages1/i18n/i18n.properties",
				"fcg/sll/cmdtycd/manages1/i18n/i18n_ar.properties",
				"fcg/sll/cmdtycd/manages1/i18n/i18n_bg.properties",
				"fcg/sll/cmdtycd/manages1/i18n/i18n_ca.properties",
				"fcg/sll/cmdtycd/manages1/i18n/i18n_cs.properties",
				"fcg/sll/cmdtycd/manages1/i18n/i18n_da.properties",
				"fcg/sll/cmdtycd/manages1/i18n/i18n_de.properties",
				"fcg/sll/cmdtycd/manages1/i18n/i18n_el.properties",
				"fcg/sll/cmdtycd/manages1/i18n/i18n_en.properties",
				"fcg/sll/cmdtycd/manages1/i18n/i18n_en_US_sappsd.properties",
				"fcg/sll/cmdtycd/manages1/i18n/i18n_en_US_saptrc.properties",
				"fcg/sll/cmdtycd/manages1/i18n/i18n_es.properties",
				"fcg/sll/cmdtycd/manages1/i18n/i18n_et.properties",
				"fcg/sll/cmdtycd/manages1/i18n/i18n_fi.properties",
				"fcg/sll/cmdtycd/manages1/i18n/i18n_fr.properties",
				"fcg/sll/cmdtycd/manages1/i18n/i18n_hi.properties",
				"fcg/sll/cmdtycd/manages1/i18n/i18n_hr.properties",
				"fcg/sll/cmdtycd/manages1/i18n/i18n_hu.properties",
				"fcg/sll/cmdtycd/manages1/i18n/i18n_it.properties",
				"fcg/sll/cmdtycd/manages1/i18n/i18n_iw.properties",
				"fcg/sll/cmdtycd/manages1/i18n/i18n_ja.properties",
				"fcg/sll/cmdtycd/manages1/i18n/i18n_kk.properties",
				"fcg/sll/cmdtycd/manages1/i18n/i18n_ko.properties",
				"fcg/sll/cmdtycd/manages1/i18n/i18n_lt.properties",
				"fcg/sll/cmdtycd/manages1/i18n/i18n_lv.properties",
				"fcg/sll/cmdtycd/manages1/i18n/i18n_ms.properties",
				"fcg/sll/cmdtycd/manages1/i18n/i18n_nl.properties",
				"fcg/sll/cmdtycd/manages1/i18n/i18n_no.properties",
				"fcg/sll/cmdtycd/manages1/i18n/i18n_pl.properties",
				"fcg/sll/cmdtycd/manages1/i18n/i18n_pt.properties",
				"fcg/sll/cmdtycd/manages1/i18n/i18n_ro.properties",
				"fcg/sll/cmdtycd/manages1/i18n/i18n_ru.properties",
				"fcg/sll/cmdtycd/manages1/i18n/i18n_sh.properties",
				"fcg/sll/cmdtycd/manages1/i18n/i18n_sk.properties",
				"fcg/sll/cmdtycd/manages1/i18n/i18n_sl.properties",
				"fcg/sll/cmdtycd/manages1/i18n/i18n_sv.properties",
				"fcg/sll/cmdtycd/manages1/i18n/i18n_th.properties",
				"fcg/sll/cmdtycd/manages1/i18n/i18n_tr.properties",
				"fcg/sll/cmdtycd/manages1/i18n/i18n_uk.properties",
				"fcg/sll/cmdtycd/manages1/i18n/i18n_vi.properties",
				"fcg/sll/cmdtycd/manages1/i18n/i18n_zh_CN.properties",
				"fcg/sll/cmdtycd/manages1/i18n/i18n_zh_TW.properties",
				"fcg/sll/cmdtycd/manages1/model/formatter.js",
				"fcg/sll/cmdtycd/manages1/model/logger.js",
				"fcg/sll/cmdtycd/manages1/model/messagehelper.js",
				"fcg/sll/cmdtycd/manages1/model/models.js",
				"fcg/sll/cmdtycd/manages1/view/App.view.xml",
				"fcg/sll/cmdtycd/manages1/view/CreatePage.view.xml",
				"fcg/sll/cmdtycd/manages1/view/EditPage.view.xml",
				"fcg/sll/cmdtycd/manages1/view/NotFound.view.xml",
				"fcg/sll/cmdtycd/manages1/view/Worklist.view.xml",
				"fcg/sll/cmdtycd/manages1/view/fragment/DialogSetValidityEndDate.fragment.xml",
				"fcg/sll/cmdtycd/manages1/view/fragment/FormsInPopover.fragment.xml"
			]
		},
		{
			"name": "Component-h2-preload.js",
			"module": "fcg/sll/cmdtycd/manages1/Component-h2-preload.js",
			"size": 11993,
			"merged": true,
			"required": [
				"sap/f/semantic/MessagesIndicator.js",
				"sap/f/semantic/SemanticPage.js",
				"sap/f/semantic/SendEmailAction.js",
				"sap/fe/navigation/NavigationHandler.js",
				"sap/fe/navigation/SelectionVariant.js",
				"sap/m/App.js",
				"sap/m/Button.js",
				"sap/m/Column.js",
				"sap/m/ColumnListItem.js",
				"sap/m/Dialog.js",
				"sap/m/FlexItemData.js",
				"sap/m/Label.js",
				"sap/m/Link.js",
				"sap/m/MessageBox.js",
				"sap/m/MessagePage.js",
				"sap/m/MessagePopover.js",
				"sap/m/MessagePopoverItem.js",
				"sap/m/MessageStrip.js",
				"sap/m/MessageToast.js",
				"sap/m/ObjectIdentifier.js",
				"sap/m/OverflowToolbar.js",
				"sap/m/Select.js",
				"sap/m/Table.js",
				"sap/m/Text.js",
				"sap/m/Title.js",
				"sap/m/ToolbarSpacer.js",
				"sap/m/VBox.js",
				"sap/m/semantic/CancelAction.js",
				"sap/m/semantic/FullscreenPage.js",
				"sap/m/semantic/MessagesIndicator.js",
				"sap/m/semantic/SaveAction.js",
				"sap/ui/Device.js",
				"sap/ui/base/Exception.js",
				"sap/ui/base/Object.js",
				"sap/ui/comp/navpopover/SemanticObjectController.js",
				"sap/ui/comp/smartfield/SmartField.js",
				"sap/ui/comp/smartfilterbar/SmartFilterBar.js",
				"sap/ui/comp/smartform/Group.js",
				"sap/ui/comp/smartform/GroupElement.js",
				"sap/ui/comp/smartform/SmartForm.js",
				"sap/ui/comp/smarttable/SmartTable.js",
				"sap/ui/comp/smartvariants/SmartVariantManagement.js",
				"sap/ui/comp/state/UIState.js",
				"sap/ui/core/CommandExecution.js",
				"sap/ui/core/Fragment.js",
				"sap/ui/core/InvisibleText.js",
				"sap/ui/core/Item.js",
				"sap/ui/core/MessageType.js",
				"sap/ui/core/Title.js",
				"sap/ui/core/UIComponent.js",
				"sap/ui/core/message/ControlMessageProcessor.js",
				"sap/ui/core/message/Message.js",
				"sap/ui/core/mvc/Controller.js",
				"sap/ui/core/mvc/XMLView.js",
				"sap/ui/core/routing/History.js",
				"sap/ui/layout/form/SimpleForm.js",
				"sap/ui/model/ChangeReason.js",
				"sap/ui/model/Filter.js",
				"sap/ui/model/FilterOperator.js",
				"sap/ui/model/json/JSONModel.js",
				"sap/ushell/ui/footerbar/AddBookmarkButton.js"
			],
			"included": [
				"fcg/sll/cmdtycd/manages1/Component.js",
				"fcg/sll/cmdtycd/manages1/manifest.json",
				"fcg/sll/cmdtycd/manages1/controller/App.controller.js",
				"fcg/sll/cmdtycd/manages1/controller/BaseController.js",
				"fcg/sll/cmdtycd/manages1/controller/BusinessConstant.js",
				"fcg/sll/cmdtycd/manages1/controller/CreatePage.controller.js",
				"fcg/sll/cmdtycd/manages1/controller/DataModelController.js",
				"fcg/sll/cmdtycd/manages1/controller/EditPage.controller.js",
				"fcg/sll/cmdtycd/manages1/controller/ErrorHandler.js",
				"fcg/sll/cmdtycd/manages1/controller/Exception.js",
				"fcg/sll/cmdtycd/manages1/controller/ExceptionMessage.js",
				"fcg/sll/cmdtycd/manages1/controller/MessageBoxHelper.js",
				"fcg/sll/cmdtycd/manages1/controller/MessagePopoverHelper.js",
				"fcg/sll/cmdtycd/manages1/controller/NotFound.controller.js",
				"fcg/sll/cmdtycd/manages1/controller/Worklist.controller.js",
				"fcg/sll/cmdtycd/manages1/controller/fragment/DialogSetValidityEndDate.js",
				"fcg/sll/cmdtycd/manages1/controller/fragment/SemanticObjectController.js",
				"fcg/sll/cmdtycd/manages1/i18n/i18n.properties",
				"fcg/sll/cmdtycd/manages1/i18n/i18n_ar.properties",
				"fcg/sll/cmdtycd/manages1/i18n/i18n_bg.properties",
				"fcg/sll/cmdtycd/manages1/i18n/i18n_ca.properties",
				"fcg/sll/cmdtycd/manages1/i18n/i18n_cs.properties",
				"fcg/sll/cmdtycd/manages1/i18n/i18n_da.properties",
				"fcg/sll/cmdtycd/manages1/i18n/i18n_de.properties",
				"fcg/sll/cmdtycd/manages1/i18n/i18n_el.properties",
				"fcg/sll/cmdtycd/manages1/i18n/i18n_en.properties",
				"fcg/sll/cmdtycd/manages1/i18n/i18n_en_US_sappsd.properties",
				"fcg/sll/cmdtycd/manages1/i18n/i18n_en_US_saptrc.properties",
				"fcg/sll/cmdtycd/manages1/i18n/i18n_es.properties",
				"fcg/sll/cmdtycd/manages1/i18n/i18n_et.properties",
				"fcg/sll/cmdtycd/manages1/i18n/i18n_fi.properties",
				"fcg/sll/cmdtycd/manages1/i18n/i18n_fr.properties",
				"fcg/sll/cmdtycd/manages1/i18n/i18n_hi.properties",
				"fcg/sll/cmdtycd/manages1/i18n/i18n_hr.properties",
				"fcg/sll/cmdtycd/manages1/i18n/i18n_hu.properties",
				"fcg/sll/cmdtycd/manages1/i18n/i18n_it.properties",
				"fcg/sll/cmdtycd/manages1/i18n/i18n_iw.properties",
				"fcg/sll/cmdtycd/manages1/i18n/i18n_ja.properties",
				"fcg/sll/cmdtycd/manages1/i18n/i18n_kk.properties",
				"fcg/sll/cmdtycd/manages1/i18n/i18n_ko.properties",
				"fcg/sll/cmdtycd/manages1/i18n/i18n_lt.properties",
				"fcg/sll/cmdtycd/manages1/i18n/i18n_lv.properties",
				"fcg/sll/cmdtycd/manages1/i18n/i18n_ms.properties",
				"fcg/sll/cmdtycd/manages1/i18n/i18n_nl.properties",
				"fcg/sll/cmdtycd/manages1/i18n/i18n_no.properties",
				"fcg/sll/cmdtycd/manages1/i18n/i18n_pl.properties",
				"fcg/sll/cmdtycd/manages1/i18n/i18n_pt.properties",
				"fcg/sll/cmdtycd/manages1/i18n/i18n_ro.properties",
				"fcg/sll/cmdtycd/manages1/i18n/i18n_ru.properties",
				"fcg/sll/cmdtycd/manages1/i18n/i18n_sh.properties",
				"fcg/sll/cmdtycd/manages1/i18n/i18n_sk.properties",
				"fcg/sll/cmdtycd/manages1/i18n/i18n_sl.properties",
				"fcg/sll/cmdtycd/manages1/i18n/i18n_sv.properties",
				"fcg/sll/cmdtycd/manages1/i18n/i18n_th.properties",
				"fcg/sll/cmdtycd/manages1/i18n/i18n_tr.properties",
				"fcg/sll/cmdtycd/manages1/i18n/i18n_uk.properties",
				"fcg/sll/cmdtycd/manages1/i18n/i18n_vi.properties",
				"fcg/sll/cmdtycd/manages1/i18n/i18n_zh_CN.properties",
				"fcg/sll/cmdtycd/manages1/i18n/i18n_zh_TW.properties",
				"fcg/sll/cmdtycd/manages1/model/formatter.js",
				"fcg/sll/cmdtycd/manages1/model/logger.js",
				"fcg/sll/cmdtycd/manages1/model/messagehelper.js",
				"fcg/sll/cmdtycd/manages1/model/models.js",
				"fcg/sll/cmdtycd/manages1/view/App.view.xml",
				"fcg/sll/cmdtycd/manages1/view/CreatePage.view.xml",
				"fcg/sll/cmdtycd/manages1/view/EditPage.view.xml",
				"fcg/sll/cmdtycd/manages1/view/NotFound.view.xml",
				"fcg/sll/cmdtycd/manages1/view/Worklist.view.xml",
				"fcg/sll/cmdtycd/manages1/view/fragment/DialogSetValidityEndDate.fragment.xml",
				"fcg/sll/cmdtycd/manages1/view/fragment/FormsInPopover.fragment.xml"
			]
		},
		{
			"name": "Component-preload.js",
			"module": "fcg/sll/cmdtycd/manages1/Component-preload.js",
			"size": 215097,
			"merged": true,
			"required": [
				"sap/f/semantic/MessagesIndicator.js",
				"sap/f/semantic/SemanticPage.js",
				"sap/f/semantic/SendEmailAction.js",
				"sap/fe/navigation/NavigationHandler.js",
				"sap/fe/navigation/SelectionVariant.js",
				"sap/m/App.js",
				"sap/m/Button.js",
				"sap/m/Column.js",
				"sap/m/ColumnListItem.js",
				"sap/m/Dialog.js",
				"sap/m/FlexItemData.js",
				"sap/m/Label.js",
				"sap/m/Link.js",
				"sap/m/MessageBox.js",
				"sap/m/MessagePage.js",
				"sap/m/MessagePopover.js",
				"sap/m/MessagePopoverItem.js",
				"sap/m/MessageStrip.js",
				"sap/m/MessageToast.js",
				"sap/m/ObjectIdentifier.js",
				"sap/m/OverflowToolbar.js",
				"sap/m/Select.js",
				"sap/m/Table.js",
				"sap/m/Text.js",
				"sap/m/Title.js",
				"sap/m/ToolbarSpacer.js",
				"sap/m/VBox.js",
				"sap/m/semantic/CancelAction.js",
				"sap/m/semantic/FullscreenPage.js",
				"sap/m/semantic/MessagesIndicator.js",
				"sap/m/semantic/SaveAction.js",
				"sap/ui/Device.js",
				"sap/ui/base/Exception.js",
				"sap/ui/base/Object.js",
				"sap/ui/comp/navpopover/SemanticObjectController.js",
				"sap/ui/comp/smartfield/SmartField.js",
				"sap/ui/comp/smartfilterbar/SmartFilterBar.js",
				"sap/ui/comp/smartform/Group.js",
				"sap/ui/comp/smartform/GroupElement.js",
				"sap/ui/comp/smartform/SmartForm.js",
				"sap/ui/comp/smarttable/SmartTable.js",
				"sap/ui/comp/smartvariants/SmartVariantManagement.js",
				"sap/ui/comp/state/UIState.js",
				"sap/ui/core/CommandExecution.js",
				"sap/ui/core/Fragment.js",
				"sap/ui/core/InvisibleText.js",
				"sap/ui/core/Item.js",
				"sap/ui/core/MessageType.js",
				"sap/ui/core/Title.js",
				"sap/ui/core/UIComponent.js",
				"sap/ui/core/message/ControlMessageProcessor.js",
				"sap/ui/core/message/Message.js",
				"sap/ui/core/mvc/Controller.js",
				"sap/ui/core/mvc/XMLView.js",
				"sap/ui/core/routing/History.js",
				"sap/ui/layout/form/SimpleForm.js",
				"sap/ui/model/ChangeReason.js",
				"sap/ui/model/Filter.js",
				"sap/ui/model/FilterOperator.js",
				"sap/ui/model/json/JSONModel.js",
				"sap/ushell/ui/footerbar/AddBookmarkButton.js"
			],
			"included": [
				"fcg/sll/cmdtycd/manages1/Component.js",
				"fcg/sll/cmdtycd/manages1/controller/App.controller.js",
				"fcg/sll/cmdtycd/manages1/controller/BaseController.js",
				"fcg/sll/cmdtycd/manages1/controller/BusinessConstant.js",
				"fcg/sll/cmdtycd/manages1/controller/CreatePage.controller.js",
				"fcg/sll/cmdtycd/manages1/controller/DataModelController.js",
				"fcg/sll/cmdtycd/manages1/controller/EditPage.controller.js",
				"fcg/sll/cmdtycd/manages1/controller/ErrorHandler.js",
				"fcg/sll/cmdtycd/manages1/controller/Exception.js",
				"fcg/sll/cmdtycd/manages1/controller/ExceptionMessage.js",
				"fcg/sll/cmdtycd/manages1/controller/MessageBoxHelper.js",
				"fcg/sll/cmdtycd/manages1/controller/MessagePopoverHelper.js",
				"fcg/sll/cmdtycd/manages1/controller/NotFound.controller.js",
				"fcg/sll/cmdtycd/manages1/controller/Worklist.controller.js",
				"fcg/sll/cmdtycd/manages1/controller/fragment/DialogSetValidityEndDate.js",
				"fcg/sll/cmdtycd/manages1/controller/fragment/SemanticObjectController.js",
				"fcg/sll/cmdtycd/manages1/i18n/i18n.properties",
				"fcg/sll/cmdtycd/manages1/i18n/i18n_ar.properties",
				"fcg/sll/cmdtycd/manages1/i18n/i18n_bg.properties",
				"fcg/sll/cmdtycd/manages1/i18n/i18n_ca.properties",
				"fcg/sll/cmdtycd/manages1/i18n/i18n_cs.properties",
				"fcg/sll/cmdtycd/manages1/i18n/i18n_da.properties",
				"fcg/sll/cmdtycd/manages1/i18n/i18n_de.properties",
				"fcg/sll/cmdtycd/manages1/i18n/i18n_el.properties",
				"fcg/sll/cmdtycd/manages1/i18n/i18n_en.properties",
				"fcg/sll/cmdtycd/manages1/i18n/i18n_en_US_sappsd.properties",
				"fcg/sll/cmdtycd/manages1/i18n/i18n_en_US_saptrc.properties",
				"fcg/sll/cmdtycd/manages1/i18n/i18n_es.properties",
				"fcg/sll/cmdtycd/manages1/i18n/i18n_et.properties",
				"fcg/sll/cmdtycd/manages1/i18n/i18n_fi.properties",
				"fcg/sll/cmdtycd/manages1/i18n/i18n_fr.properties",
				"fcg/sll/cmdtycd/manages1/i18n/i18n_hi.properties",
				"fcg/sll/cmdtycd/manages1/i18n/i18n_hr.properties",
				"fcg/sll/cmdtycd/manages1/i18n/i18n_hu.properties",
				"fcg/sll/cmdtycd/manages1/i18n/i18n_it.properties",
				"fcg/sll/cmdtycd/manages1/i18n/i18n_iw.properties",
				"fcg/sll/cmdtycd/manages1/i18n/i18n_ja.properties",
				"fcg/sll/cmdtycd/manages1/i18n/i18n_kk.properties",
				"fcg/sll/cmdtycd/manages1/i18n/i18n_ko.properties",
				"fcg/sll/cmdtycd/manages1/i18n/i18n_lt.properties",
				"fcg/sll/cmdtycd/manages1/i18n/i18n_lv.properties",
				"fcg/sll/cmdtycd/manages1/i18n/i18n_ms.properties",
				"fcg/sll/cmdtycd/manages1/i18n/i18n_nl.properties",
				"fcg/sll/cmdtycd/manages1/i18n/i18n_no.properties",
				"fcg/sll/cmdtycd/manages1/i18n/i18n_pl.properties",
				"fcg/sll/cmdtycd/manages1/i18n/i18n_pt.properties",
				"fcg/sll/cmdtycd/manages1/i18n/i18n_ro.properties",
				"fcg/sll/cmdtycd/manages1/i18n/i18n_ru.properties",
				"fcg/sll/cmdtycd/manages1/i18n/i18n_sh.properties",
				"fcg/sll/cmdtycd/manages1/i18n/i18n_sk.properties",
				"fcg/sll/cmdtycd/manages1/i18n/i18n_sl.properties",
				"fcg/sll/cmdtycd/manages1/i18n/i18n_sv.properties",
				"fcg/sll/cmdtycd/manages1/i18n/i18n_th.properties",
				"fcg/sll/cmdtycd/manages1/i18n/i18n_tr.properties",
				"fcg/sll/cmdtycd/manages1/i18n/i18n_uk.properties",
				"fcg/sll/cmdtycd/manages1/i18n/i18n_vi.properties",
				"fcg/sll/cmdtycd/manages1/i18n/i18n_zh_CN.properties",
				"fcg/sll/cmdtycd/manages1/i18n/i18n_zh_TW.properties",
				"fcg/sll/cmdtycd/manages1/manifest.json",
				"fcg/sll/cmdtycd/manages1/model/formatter.js",
				"fcg/sll/cmdtycd/manages1/model/logger.js",
				"fcg/sll/cmdtycd/manages1/model/messagehelper.js",
				"fcg/sll/cmdtycd/manages1/model/models.js",
				"fcg/sll/cmdtycd/manages1/view/App.view.xml",
				"fcg/sll/cmdtycd/manages1/view/CreatePage.view.xml",
				"fcg/sll/cmdtycd/manages1/view/EditPage.view.xml",
				"fcg/sll/cmdtycd/manages1/view/NotFound.view.xml",
				"fcg/sll/cmdtycd/manages1/view/Worklist.view.xml",
				"fcg/sll/cmdtycd/manages1/view/fragment/DialogSetValidityEndDate.fragment.xml",
				"fcg/sll/cmdtycd/manages1/view/fragment/FormsInPopover.fragment.xml"
			]
		},
		{
			"name": "Component.js",
			"module": "fcg/sll/cmdtycd/manages1/Component.js",
			"size": 1203,
			"required": [
				"fcg/sll/cmdtycd/manages1/controller/ErrorHandler.js",
				"fcg/sll/cmdtycd/manages1/model/models.js",
				"sap/ui/Device.js",
				"sap/ui/core/UIComponent.js"
			]
		},
		{
			"name": "annotations/annotation.xml",
			"size": 2421
		},
		{
			"name": "controller/App-dbg.controller.js",
			"module": "fcg/sll/cmdtycd/manages1/controller/App.controller.js",
			"size": 1015,
			"isDebug": true,
			"required": [
				"fcg/sll/cmdtycd/manages1/controller/BaseController.js",
				"sap/ui/model/json/JSONModel.js"
			]
		},
		{
			"name": "controller/App.controller.js",
			"module": "fcg/sll/cmdtycd/manages1/controller/App.controller.js",
			"size": 618,
			"required": [
				"fcg/sll/cmdtycd/manages1/controller/BaseController.js",
				"sap/ui/model/json/JSONModel.js"
			]
		},
		{
			"name": "controller/BaseController-dbg.js",
			"module": "fcg/sll/cmdtycd/manages1/controller/BaseController.js",
			"size": 4013,
			"isDebug": true,
			"required": [
				"fcg/sll/cmdtycd/manages1/controller/MessagePopoverHelper.js",
				"fcg/sll/cmdtycd/manages1/model/formatter.js",
				"fcg/sll/cmdtycd/manages1/model/logger.js",
				"fcg/sll/cmdtycd/manages1/model/messagehelper.js",
				"sap/ui/core/mvc/Controller.js",
				"sap/ui/core/routing/History.js"
			]
		},
		{
			"name": "controller/BaseController.js",
			"module": "fcg/sll/cmdtycd/manages1/controller/BaseController.js",
			"size": 1807,
			"required": [
				"fcg/sll/cmdtycd/manages1/controller/MessagePopoverHelper.js",
				"fcg/sll/cmdtycd/manages1/model/formatter.js",
				"fcg/sll/cmdtycd/manages1/model/logger.js",
				"fcg/sll/cmdtycd/manages1/model/messagehelper.js",
				"sap/ui/core/mvc/Controller.js",
				"sap/ui/core/routing/History.js"
			]
		},
		{
			"name": "controller/BusinessConstant-dbg.js",
			"module": "fcg/sll/cmdtycd/manages1/controller/BusinessConstant.js",
			"size": 619,
			"isDebug": true
		},
		{
			"name": "controller/BusinessConstant.js",
			"module": "fcg/sll/cmdtycd/manages1/controller/BusinessConstant.js",
			"size": 185
		},
		{
			"name": "controller/CreatePage-dbg.controller.js",
			"module": "fcg/sll/cmdtycd/manages1/controller/CreatePage.controller.js",
			"size": 12037,
			"isDebug": true,
			"required": [
				"fcg/sll/cmdtycd/manages1/controller/DataModelController.js",
				"fcg/sll/cmdtycd/manages1/controller/Exception.js",
				"fcg/sll/cmdtycd/manages1/controller/ExceptionMessage.js",
				"fcg/sll/cmdtycd/manages1/controller/MessagePopoverHelper.js",
				"fcg/sll/cmdtycd/manages1/model/formatter.js",
				"sap/ui/model/json/JSONModel.js"
			]
		},
		{
			"name": "controller/CreatePage.controller.js",
			"module": "fcg/sll/cmdtycd/manages1/controller/CreatePage.controller.js",
			"size": 4976,
			"required": [
				"fcg/sll/cmdtycd/manages1/controller/DataModelController.js",
				"fcg/sll/cmdtycd/manages1/controller/Exception.js",
				"fcg/sll/cmdtycd/manages1/controller/ExceptionMessage.js",
				"fcg/sll/cmdtycd/manages1/controller/MessagePopoverHelper.js",
				"fcg/sll/cmdtycd/manages1/model/formatter.js",
				"sap/ui/model/json/JSONModel.js"
			]
		},
		{
			"name": "controller/DataModelController-dbg.js",
			"module": "fcg/sll/cmdtycd/manages1/controller/DataModelController.js",
			"size": 10581,
			"isDebug": true,
			"required": [
				"fcg/sll/cmdtycd/manages1/controller/BaseController.js",
				"fcg/sll/cmdtycd/manages1/controller/Exception.js",
				"fcg/sll/cmdtycd/manages1/controller/ExceptionMessage.js",
				"fcg/sll/cmdtycd/manages1/controller/MessageBoxHelper.js",
				"fcg/sll/cmdtycd/manages1/controller/MessagePopoverHelper.js",
				"fcg/sll/cmdtycd/manages1/model/logger.js",
				"sap/m/MessageToast.js",
				"sap/ui/model/ChangeReason.js"
			]
		},
		{
			"name": "controller/DataModelController.js",
			"module": "fcg/sll/cmdtycd/manages1/controller/DataModelController.js",
			"size": 4441,
			"required": [
				"fcg/sll/cmdtycd/manages1/controller/BaseController.js",
				"fcg/sll/cmdtycd/manages1/controller/Exception.js",
				"fcg/sll/cmdtycd/manages1/controller/ExceptionMessage.js",
				"fcg/sll/cmdtycd/manages1/controller/MessageBoxHelper.js",
				"fcg/sll/cmdtycd/manages1/controller/MessagePopoverHelper.js",
				"fcg/sll/cmdtycd/manages1/model/logger.js",
				"sap/m/MessageToast.js",
				"sap/ui/model/ChangeReason.js"
			]
		},
		{
			"name": "controller/EditPage-dbg.controller.js",
			"module": "fcg/sll/cmdtycd/manages1/controller/EditPage.controller.js",
			"size": 11293,
			"isDebug": true,
			"required": [
				"fcg/sll/cmdtycd/manages1/controller/DataModelController.js",
				"fcg/sll/cmdtycd/manages1/controller/Exception.js",
				"fcg/sll/cmdtycd/manages1/controller/ExceptionMessage.js",
				"fcg/sll/cmdtycd/manages1/controller/MessageBoxHelper.js",
				"fcg/sll/cmdtycd/manages1/controller/MessagePopoverHelper.js",
				"fcg/sll/cmdtycd/manages1/controller/fragment/DialogSetValidityEndDate.js",
				"fcg/sll/cmdtycd/manages1/model/formatter.js",
				"fcg/sll/cmdtycd/manages1/model/logger.js",
				"sap/ui/model/Filter.js",
				"sap/ui/model/FilterOperator.js",
				"sap/ui/model/json/JSONModel.js"
			]
		},
		{
			"name": "controller/EditPage.controller.js",
			"module": "fcg/sll/cmdtycd/manages1/controller/EditPage.controller.js",
			"size": 5118,
			"required": [
				"fcg/sll/cmdtycd/manages1/controller/DataModelController.js",
				"fcg/sll/cmdtycd/manages1/controller/Exception.js",
				"fcg/sll/cmdtycd/manages1/controller/ExceptionMessage.js",
				"fcg/sll/cmdtycd/manages1/controller/MessageBoxHelper.js",
				"fcg/sll/cmdtycd/manages1/controller/MessagePopoverHelper.js",
				"fcg/sll/cmdtycd/manages1/controller/fragment/DialogSetValidityEndDate.js",
				"fcg/sll/cmdtycd/manages1/model/formatter.js",
				"fcg/sll/cmdtycd/manages1/model/logger.js",
				"sap/ui/model/Filter.js",
				"sap/ui/model/FilterOperator.js",
				"sap/ui/model/json/JSONModel.js"
			]
		},
		{
			"name": "controller/ErrorHandler-dbg.js",
			"module": "fcg/sll/cmdtycd/manages1/controller/ErrorHandler.js",
			"size": 5651,
			"isDebug": true,
			"required": [
				"fcg/sll/cmdtycd/manages1/controller/Exception.js",
				"fcg/sll/cmdtycd/manages1/controller/ExceptionMessage.js",
				"fcg/sll/cmdtycd/manages1/controller/MessageBoxHelper.js",
				"fcg/sll/cmdtycd/manages1/controller/MessagePopoverHelper.js",
				"fcg/sll/cmdtycd/manages1/model/logger.js",
				"fcg/sll/cmdtycd/manages1/model/messagehelper.js",
				"sap/ui/base/Object.js"
			]
		},
		{
			"name": "controller/ErrorHandler.js",
			"module": "fcg/sll/cmdtycd/manages1/controller/ErrorHandler.js",
			"size": 3036,
			"required": [
				"fcg/sll/cmdtycd/manages1/controller/Exception.js",
				"fcg/sll/cmdtycd/manages1/controller/ExceptionMessage.js",
				"fcg/sll/cmdtycd/manages1/controller/MessageBoxHelper.js",
				"fcg/sll/cmdtycd/manages1/controller/MessagePopoverHelper.js",
				"fcg/sll/cmdtycd/manages1/model/logger.js",
				"fcg/sll/cmdtycd/manages1/model/messagehelper.js",
				"sap/ui/base/Object.js"
			]
		},
		{
			"name": "controller/Exception-dbg.js",
			"module": "fcg/sll/cmdtycd/manages1/controller/Exception.js",
			"size": 884,
			"isDebug": true,
			"required": [
				"sap/ui/base/Exception.js",
				"sap/ui/core/MessageType.js"
			]
		},
		{
			"name": "controller/Exception.js",
			"module": "fcg/sll/cmdtycd/manages1/controller/Exception.js",
			"size": 367,
			"required": [
				"sap/ui/base/Exception.js",
				"sap/ui/core/MessageType.js"
			]
		},
		{
			"name": "controller/ExceptionMessage-dbg.js",
			"module": "fcg/sll/cmdtycd/manages1/controller/ExceptionMessage.js",
			"size": 1508,
			"isDebug": true
		},
		{
			"name": "controller/ExceptionMessage.js",
			"module": "fcg/sll/cmdtycd/manages1/controller/ExceptionMessage.js",
			"size": 761
		},
		{
			"name": "controller/MessageBoxHelper-dbg.js",
			"module": "fcg/sll/cmdtycd/manages1/controller/MessageBoxHelper.js",
			"size": 6869,
			"isDebug": true,
			"required": [
				"sap/m/MessageBox.js"
			]
		},
		{
			"name": "controller/MessageBoxHelper.js",
			"module": "fcg/sll/cmdtycd/manages1/controller/MessageBoxHelper.js",
			"size": 2439,
			"required": [
				"sap/m/MessageBox.js"
			]
		},
		{
			"name": "controller/MessagePopoverHelper-dbg.js",
			"module": "fcg/sll/cmdtycd/manages1/controller/MessagePopoverHelper.js",
			"size": 4347,
			"isDebug": true,
			"required": [
				"fcg/sll/cmdtycd/manages1/model/messagehelper.js",
				"sap/m/MessagePopover.js",
				"sap/m/MessagePopoverItem.js",
				"sap/ui/base/Object.js"
			]
		},
		{
			"name": "controller/MessagePopoverHelper.js",
			"module": "fcg/sll/cmdtycd/manages1/controller/MessagePopoverHelper.js",
			"size": 1684,
			"required": [
				"fcg/sll/cmdtycd/manages1/model/messagehelper.js",
				"sap/m/MessagePopover.js",
				"sap/m/MessagePopoverItem.js",
				"sap/ui/base/Object.js"
			]
		},
		{
			"name": "controller/NotFound-dbg.controller.js",
			"module": "fcg/sll/cmdtycd/manages1/controller/NotFound.controller.js",
			"size": 452,
			"isDebug": true,
			"required": [
				"fcg/sll/cmdtycd/manages1/controller/BaseController.js"
			]
		},
		{
			"name": "controller/NotFound.controller.js",
			"module": "fcg/sll/cmdtycd/manages1/controller/NotFound.controller.js",
			"size": 317,
			"required": [
				"fcg/sll/cmdtycd/manages1/controller/BaseController.js"
			]
		},
		{
			"name": "controller/Worklist-dbg.controller.js",
			"module": "fcg/sll/cmdtycd/manages1/controller/Worklist.controller.js",
			"size": 20979,
			"isDebug": true,
			"required": [
				"fcg/sll/cmdtycd/manages1/controller/BaseController.js",
				"fcg/sll/cmdtycd/manages1/controller/Exception.js",
				"fcg/sll/cmdtycd/manages1/controller/ExceptionMessage.js",
				"fcg/sll/cmdtycd/manages1/controller/MessageBoxHelper.js",
				"fcg/sll/cmdtycd/manages1/controller/MessagePopoverHelper.js",
				"fcg/sll/cmdtycd/manages1/controller/fragment/SemanticObjectController.js",
				"sap/fe/navigation/NavigationHandler.js",
				"sap/fe/navigation/SelectionVariant.js",
				"sap/m/MessageToast.js",
				"sap/ui/comp/state/UIState.js",
				"sap/ui/model/Filter.js",
				"sap/ui/model/FilterOperator.js",
				"sap/ui/model/json/JSONModel.js"
			]
		},
		{
			"name": "controller/Worklist.controller.js",
			"module": "fcg/sll/cmdtycd/manages1/controller/Worklist.controller.js",
			"size": 10489,
			"required": [
				"fcg/sll/cmdtycd/manages1/controller/BaseController.js",
				"fcg/sll/cmdtycd/manages1/controller/Exception.js",
				"fcg/sll/cmdtycd/manages1/controller/ExceptionMessage.js",
				"fcg/sll/cmdtycd/manages1/controller/MessageBoxHelper.js",
				"fcg/sll/cmdtycd/manages1/controller/MessagePopoverHelper.js",
				"fcg/sll/cmdtycd/manages1/controller/fragment/SemanticObjectController.js",
				"sap/fe/navigation/NavigationHandler.js",
				"sap/fe/navigation/SelectionVariant.js",
				"sap/m/MessageToast.js",
				"sap/ui/comp/state/UIState.js",
				"sap/ui/model/Filter.js",
				"sap/ui/model/FilterOperator.js",
				"sap/ui/model/json/JSONModel.js"
			]
		},
		{
			"name": "controller/fragment/DialogSetValidityEndDate-dbg.js",
			"module": "fcg/sll/cmdtycd/manages1/controller/fragment/DialogSetValidityEndDate.js",
			"size": 2398,
			"isDebug": true
		},
		{
			"name": "controller/fragment/DialogSetValidityEndDate.js",
			"module": "fcg/sll/cmdtycd/manages1/controller/fragment/DialogSetValidityEndDate.js",
			"size": 912
		},
		{
			"name": "controller/fragment/SemanticObjectController-dbg.js",
			"module": "fcg/sll/cmdtycd/manages1/controller/fragment/SemanticObjectController.js",
			"size": 2356,
			"isDebug": true
		},
		{
			"name": "controller/fragment/SemanticObjectController.js",
			"module": "fcg/sll/cmdtycd/manages1/controller/fragment/SemanticObjectController.js",
			"size": 964
		},
		{
			"name": "i18n/i18n.properties",
			"module": "fcg/sll/cmdtycd/manages1/i18n/i18n.properties",
			"size": 3465,
			"locale": "",
			"raw": "i18n/i18n.properties"
		},
		{
			"name": "i18n/i18n_ar.properties",
			"module": "fcg/sll/cmdtycd/manages1/i18n/i18n_ar.properties",
			"size": 6575,
			"locale": "ar",
			"raw": "i18n/i18n.properties"
		},
		{
			"name": "i18n/i18n_bg.properties",
			"module": "fcg/sll/cmdtycd/manages1/i18n/i18n_bg.properties",
			"size": 9307,
			"locale": "bg",
			"raw": "i18n/i18n.properties"
		},
		{
			"name": "i18n/i18n_ca.properties",
			"module": "fcg/sll/cmdtycd/manages1/i18n/i18n_ca.properties",
			"size": 4014,
			"locale": "ca",
			"raw": "i18n/i18n.properties"
		},
		{
			"name": "i18n/i18n_cs.properties",
			"module": "fcg/sll/cmdtycd/manages1/i18n/i18n_cs.properties",
			"size": 3735,
			"locale": "cs",
			"raw": "i18n/i18n.properties"
		},
		{
			"name": "i18n/i18n_da.properties",
			"module": "fcg/sll/cmdtycd/manages1/i18n/i18n_da.properties",
			"size": 3324,
			"locale": "da",
			"raw": "i18n/i18n.properties"
		},
		{
			"name": "i18n/i18n_de.properties",
			"module": "fcg/sll/cmdtycd/manages1/i18n/i18n_de.properties",
			"size": 3867,
			"locale": "de",
			"raw": "i18n/i18n.properties"
		},
		{
			"name": "i18n/i18n_el.properties",
			"module": "fcg/sll/cmdtycd/manages1/i18n/i18n_el.properties",
			"size": 8823,
			"locale": "el",
			"raw": "i18n/i18n.properties"
		},
		{
			"name": "i18n/i18n_en.properties",
			"module": "fcg/sll/cmdtycd/manages1/i18n/i18n_en.properties",
			"size": 3360,
			"locale": "en",
			"raw": "i18n/i18n.properties"
		},
		{
			"name": "i18n/i18n_en_US_sappsd.properties",
			"module": "fcg/sll/cmdtycd/manages1/i18n/i18n_en_US_sappsd.properties",
			"size": 9330,
			"locale": "en_US_sappsd",
			"raw": "i18n/i18n.properties"
		},
		{
			"name": "i18n/i18n_en_US_saptrc.properties",
			"module": "fcg/sll/cmdtycd/manages1/i18n/i18n_en_US_saptrc.properties",
			"size": 4131,
			"locale": "en_US_saptrc",
			"raw": "i18n/i18n.properties"
		},
		{
			"name": "i18n/i18n_es.properties",
			"module": "fcg/sll/cmdtycd/manages1/i18n/i18n_es.properties",
			"size": 4154,
			"locale": "es",
			"raw": "i18n/i18n.properties"
		},
		{
			"name": "i18n/i18n_et.properties",
			"module": "fcg/sll/cmdtycd/manages1/i18n/i18n_et.properties",
			"size": 3335,
			"locale": "et",
			"raw": "i18n/i18n.properties"
		},
		{
			"name": "i18n/i18n_fi.properties",
			"module": "fcg/sll/cmdtycd/manages1/i18n/i18n_fi.properties",
			"size": 3548,
			"locale": "fi",
			"raw": "i18n/i18n.properties"
		},
		{
			"name": "i18n/i18n_fr.properties",
			"module": "fcg/sll/cmdtycd/manages1/i18n/i18n_fr.properties",
			"size": 4285,
			"locale": "fr",
			"raw": "i18n/i18n.properties"
		},
		{
			"name": "i18n/i18n_hi.properties",
			"module": "fcg/sll/cmdtycd/manages1/i18n/i18n_hi.properties",
			"size": 7403,
			"locale": "hi",
			"raw": "i18n/i18n.properties"
		},
		{
			"name": "i18n/i18n_hr.properties",
			"module": "fcg/sll/cmdtycd/manages1/i18n/i18n_hr.properties",
			"size": 3489,
			"locale": "hr",
			"raw": "i18n/i18n.properties"
		},
		{
			"name": "i18n/i18n_hu.properties",
			"module": "fcg/sll/cmdtycd/manages1/i18n/i18n_hu.properties",
			"size": 4197,
			"locale": "hu",
			"raw": "i18n/i18n.properties"
		},
		{
			"name": "i18n/i18n_it.properties",
			"module": "fcg/sll/cmdtycd/manages1/i18n/i18n_it.properties",
			"size": 3551,
			"locale": "it",
			"raw": "i18n/i18n.properties"
		},
		{
			"name": "i18n/i18n_iw.properties",
			"module": "fcg/sll/cmdtycd/manages1/i18n/i18n_iw.properties",
			"size": 6267,
			"locale": "iw",
			"raw": "i18n/i18n.properties"
		},
		{
			"name": "i18n/i18n_ja.properties",
			"module": "fcg/sll/cmdtycd/manages1/i18n/i18n_ja.properties",
			"size": 5053,
			"locale": "ja",
			"raw": "i18n/i18n.properties"
		},
		{
			"name": "i18n/i18n_kk.properties",
			"module": "fcg/sll/cmdtycd/manages1/i18n/i18n_kk.properties",
			"size": 7831,
			"locale": "kk",
			"raw": "i18n/i18n.properties"
		},
		{
			"name": "i18n/i18n_ko.properties",
			"module": "fcg/sll/cmdtycd/manages1/i18n/i18n_ko.properties",
			"size": 4804,
			"locale": "ko",
			"raw": "i18n/i18n.properties"
		},
		{
			"name": "i18n/i18n_lt.properties",
			"module": "fcg/sll/cmdtycd/manages1/i18n/i18n_lt.properties",
			"size": 3616,
			"locale": "lt",
			"raw": "i18n/i18n.properties"
		},
		{
			"name": "i18n/i18n_lv.properties",
			"module": "fcg/sll/cmdtycd/manages1/i18n/i18n_lv.properties",
			"size": 4222,
			"locale": "lv",
			"raw": "i18n/i18n.properties"
		},
		{
			"name": "i18n/i18n_ms.properties",
			"module": "fcg/sll/cmdtycd/manages1/i18n/i18n_ms.properties",
			"size": 3289,
			"locale": "ms",
			"raw": "i18n/i18n.properties"
		},
		{
			"name": "i18n/i18n_nl.properties",
			"module": "fcg/sll/cmdtycd/manages1/i18n/i18n_nl.properties",
			"size": 3607,
			"locale": "nl",
			"raw": "i18n/i18n.properties"
		},
		{
			"name": "i18n/i18n_no.properties",
			"module": "fcg/sll/cmdtycd/manages1/i18n/i18n_no.properties",
			"size": 3291,
			"locale": "no",
			"raw": "i18n/i18n.properties"
		},
		{
			"name": "i18n/i18n_pl.properties",
			"module": "fcg/sll/cmdtycd/manages1/i18n/i18n_pl.properties",
			"size": 4267,
			"locale": "pl",
			"raw": "i18n/i18n.properties"
		},
		{
			"name": "i18n/i18n_pt.properties",
			"module": "fcg/sll/cmdtycd/manages1/i18n/i18n_pt.properties",
			"size": 3818,
			"locale": "pt",
			"raw": "i18n/i18n.properties"
		},
		{
			"name": "i18n/i18n_ro.properties",
			"module": "fcg/sll/cmdtycd/manages1/i18n/i18n_ro.properties",
			"size": 3752,
			"locale": "ro",
			"raw": "i18n/i18n.properties"
		},
		{
			"name": "i18n/i18n_ru.properties",
			"module": "fcg/sll/cmdtycd/manages1/i18n/i18n_ru.properties",
			"size": 7647,
			"locale": "ru",
			"raw": "i18n/i18n.properties"
		},
		{
			"name": "i18n/i18n_sh.properties",
			"module": "fcg/sll/cmdtycd/manages1/i18n/i18n_sh.properties",
			"size": 3515,
			"locale": "sh",
			"raw": "i18n/i18n.properties"
		},
		{
			"name": "i18n/i18n_sk.properties",
			"module": "fcg/sll/cmdtycd/manages1/i18n/i18n_sk.properties",
			"size": 4259,
			"locale": "sk",
			"raw": "i18n/i18n.properties"
		},
		{
			"name": "i18n/i18n_sl.properties",
			"module": "fcg/sll/cmdtycd/manages1/i18n/i18n_sl.properties",
			"size": 3465,
			"locale": "sl",
			"raw": "i18n/i18n.properties"
		},
		{
			"name": "i18n/i18n_sv.properties",
			"module": "fcg/sll/cmdtycd/manages1/i18n/i18n_sv.properties",
			"size": 3582,
			"locale": "sv",
			"raw": "i18n/i18n.properties"
		},
		{
			"name": "i18n/i18n_th.properties",
			"module": "fcg/sll/cmdtycd/manages1/i18n/i18n_th.properties",
			"size": 8030,
			"locale": "th",
			"raw": "i18n/i18n.properties"
		},
		{
			"name": "i18n/i18n_tr.properties",
			"module": "fcg/sll/cmdtycd/manages1/i18n/i18n_tr.properties",
			"size": 3662,
			"locale": "tr",
			"raw": "i18n/i18n.properties"
		},
		{
			"name": "i18n/i18n_uk.properties",
			"module": "fcg/sll/cmdtycd/manages1/i18n/i18n_uk.properties",
			"size": 7790,
			"locale": "uk",
			"raw": "i18n/i18n.properties"
		},
		{
			"name": "i18n/i18n_vi.properties",
			"module": "fcg/sll/cmdtycd/manages1/i18n/i18n_vi.properties",
			"size": 5018,
			"locale": "vi",
			"raw": "i18n/i18n.properties"
		},
		{
			"name": "i18n/i18n_zh_CN.properties",
			"module": "fcg/sll/cmdtycd/manages1/i18n/i18n_zh_CN.properties",
			"size": 4042,
			"locale": "zh_CN",
			"raw": "i18n/i18n.properties"
		},
		{
			"name": "i18n/i18n_zh_TW.properties",
			"module": "fcg/sll/cmdtycd/manages1/i18n/i18n_zh_TW.properties",
			"size": 4071,
			"locale": "zh_TW",
			"raw": "i18n/i18n.properties"
		},
		{
			"name": "localService/SLL_CMDTYCD_MANAGE_ANNO_MDL.xml",
			"size": 7233
		},
		{
			"name": "localService/TechnicalConstant-dbg.js",
			"size": 655,
			"isDebug": true
		},
		{
			"name": "localService/TechnicalConstant.js",
			"size": 284
		},
		{
			"name": "localService/metadata.xml",
			"size": 28307
		},
		{
			"name": "localService/mockrequest-dbg.js",
			"size": 15946,
			"isDebug": true
		},
		{
			"name": "localService/mockrequest.js",
			"size": 6929
		},
		{
			"name": "localService/mockserver-dbg.js",
			"size": 3499,
			"isDebug": true
		},
		{
			"name": "localService/mockserver.js",
			"size": 1607
		},
		{
			"name": "manifest.json",
			"module": "fcg/sll/cmdtycd/manages1/manifest.json",
			"size": 5134
		},
		{
			"name": "model/formatter-dbg.js",
			"module": "fcg/sll/cmdtycd/manages1/model/formatter.js",
			"size": 1247,
			"isDebug": true,
			"required": [
				"fcg/sll/cmdtycd/manages1/controller/BusinessConstant.js"
			]
		},
		{
			"name": "model/formatter.js",
			"module": "fcg/sll/cmdtycd/manages1/model/formatter.js",
			"size": 473,
			"required": [
				"fcg/sll/cmdtycd/manages1/controller/BusinessConstant.js"
			]
		},
		{
			"name": "model/logger-dbg.js",
			"module": "fcg/sll/cmdtycd/manages1/model/logger.js",
			"size": 1172,
			"isDebug": true,
			"required": [
				"fcg/sll/cmdtycd/manages1/controller/Exception.js"
			]
		},
		{
			"name": "model/logger.js",
			"module": "fcg/sll/cmdtycd/manages1/model/logger.js",
			"size": 547,
			"required": [
				"fcg/sll/cmdtycd/manages1/controller/Exception.js"
			]
		},
		{
			"name": "model/messagehelper-dbg.js",
			"module": "fcg/sll/cmdtycd/manages1/model/messagehelper.js",
			"size": 3319,
			"isDebug": true,
			"required": [
				"sap/ui/core/MessageType.js",
				"sap/ui/core/message/ControlMessageProcessor.js",
				"sap/ui/core/message/Message.js"
			]
		},
		{
			"name": "model/messagehelper.js",
			"module": "fcg/sll/cmdtycd/manages1/model/messagehelper.js",
			"size": 1556,
			"required": [
				"sap/ui/core/MessageType.js",
				"sap/ui/core/message/ControlMessageProcessor.js",
				"sap/ui/core/message/Message.js"
			]
		},
		{
			"name": "model/models-dbg.js",
			"module": "fcg/sll/cmdtycd/manages1/model/models.js",
			"size": 957,
			"isDebug": true,
			"required": [
				"sap/ui/Device.js",
				"sap/ui/model/json/JSONModel.js"
			]
		},
		{
			"name": "model/models.js",
			"module": "fcg/sll/cmdtycd/manages1/model/models.js",
			"size": 659,
			"required": [
				"sap/ui/Device.js",
				"sap/ui/model/json/JSONModel.js"
			]
		},
		{
			"name": "resources.json",
			"size": 27055
		},
		{
			"name": "version.json",
			"size": 354
		},
		{
			"name": "view/App.view.xml",
			"module": "fcg/sll/cmdtycd/manages1/view/App.view.xml",
			"size": 315,
			"required": [
				"fcg/sll/cmdtycd/manages1/controller/App.controller.js",
				"sap/m/App.js",
				"sap/ui/core/mvc/XMLView.js"
			]
		},
		{
			"name": "view/CreatePage.view.xml",
			"module": "fcg/sll/cmdtycd/manages1/view/CreatePage.view.xml",
			"size": 5267,
			"required": [
				"fcg/sll/cmdtycd/manages1/controller/CreatePage.controller.js",
				"sap/m/Button.js",
				"sap/m/Column.js",
				"sap/m/ColumnListItem.js",
				"sap/m/Label.js",
				"sap/m/ObjectIdentifier.js",
				"sap/m/OverflowToolbar.js",
				"sap/m/Table.js",
				"sap/m/Text.js",
				"sap/m/Title.js",
				"sap/m/ToolbarSpacer.js",
				"sap/m/VBox.js",
				"sap/m/semantic/CancelAction.js",
				"sap/m/semantic/FullscreenPage.js",
				"sap/m/semantic/MessagesIndicator.js",
				"sap/m/semantic/SaveAction.js",
				"sap/ui/comp/smartfield/SmartField.js",
				"sap/ui/core/mvc/XMLView.js"
			]
		},
		{
			"name": "view/EditPage.view.xml",
			"module": "fcg/sll/cmdtycd/manages1/view/EditPage.view.xml",
			"size": 4719,
			"required": [
				"fcg/sll/cmdtycd/manages1/controller/EditPage.controller.js",
				"sap/m/Button.js",
				"sap/m/Column.js",
				"sap/m/ColumnListItem.js",
				"sap/m/Label.js",
				"sap/m/ObjectIdentifier.js",
				"sap/m/OverflowToolbar.js",
				"sap/m/Table.js",
				"sap/m/Text.js",
				"sap/m/Title.js",
				"sap/m/ToolbarSpacer.js",
				"sap/m/VBox.js",
				"sap/m/semantic/CancelAction.js",
				"sap/m/semantic/FullscreenPage.js",
				"sap/m/semantic/MessagesIndicator.js",
				"sap/m/semantic/SaveAction.js",
				"sap/ui/comp/smartfield/SmartField.js",
				"sap/ui/core/mvc/XMLView.js"
			]
		},
		{
			"name": "view/NotFound.view.xml",
			"module": "fcg/sll/cmdtycd/manages1/view/NotFound.view.xml",
			"size": 486,
			"required": [
				"fcg/sll/cmdtycd/manages1/controller/NotFound.controller.js",
				"sap/m/Link.js",
				"sap/m/MessagePage.js",
				"sap/ui/core/mvc/XMLView.js"
			]
		},
		{
			"name": "view/Worklist.view.xml",
			"module": "fcg/sll/cmdtycd/manages1/view/Worklist.view.xml",
			"size": 5604,
			"required": [
				"fcg/sll/cmdtycd/manages1/controller/Worklist.controller.js",
				"sap/f/semantic/MessagesIndicator.js",
				"sap/f/semantic/SemanticPage.js",
				"sap/f/semantic/SendEmailAction.js",
				"sap/m/Button.js",
				"sap/m/FlexItemData.js",
				"sap/m/Label.js",
				"sap/m/MessageStrip.js",
				"sap/m/OverflowToolbar.js",
				"sap/m/Select.js",
				"sap/m/Table.js",
				"sap/m/ToolbarSpacer.js",
				"sap/m/VBox.js",
				"sap/ui/comp/navpopover/SemanticObjectController.js",
				"sap/ui/comp/smartfilterbar/SmartFilterBar.js",
				"sap/ui/comp/smarttable/SmartTable.js",
				"sap/ui/comp/smartvariants/SmartVariantManagement.js",
				"sap/ui/core/CommandExecution.js",
				"sap/ui/core/Item.js",
				"sap/ui/core/mvc/XMLView.js",
				"sap/ushell/ui/footerbar/AddBookmarkButton.js"
			]
		},
		{
			"name": "view/fragment/DialogSetValidityEndDate.fragment.xml",
			"module": "fcg/sll/cmdtycd/manages1/view/fragment/DialogSetValidityEndDate.fragment.xml",
			"size": 1081,
			"required": [
				"sap/m/Button.js",
				"sap/m/Dialog.js",
				"sap/ui/comp/smartfield/SmartField.js",
				"sap/ui/comp/smartform/Group.js",
				"sap/ui/comp/smartform/GroupElement.js",
				"sap/ui/comp/smartform/SmartForm.js",
				"sap/ui/core/Fragment.js"
			]
		},
		{
			"name": "view/fragment/FormsInPopover.fragment.xml",
			"module": "fcg/sll/cmdtycd/manages1/view/fragment/FormsInPopover.fragment.xml",
			"size": 2954,
			"required": [
				"sap/m/Label.js",
				"sap/m/VBox.js",
				"sap/ui/comp/smartfield/SmartField.js",
				"sap/ui/core/Fragment.js",
				"sap/ui/core/InvisibleText.js",
				"sap/ui/core/Title.js",
				"sap/ui/layout/form/SimpleForm.js"
			]
		}
	]
}