<?xml version="1.0" encoding="UTF-8"?>
<!--

    Copyright (C) 2009-2021 SAP SE or an SAP affiliate company. All rights reserved.

-->
<edmx:Edmx Version="1.0" xmlns:edmx="http://schemas.microsoft.com/ado/2007/06/edmx" xmlns:m="http://schemas.microsoft.com/ado/2007/08/dataservices/metadata" xmlns:sap="http://www.sap.com/Protocols/SAPData">
	<edmx:Reference Uri="./sap/opu/odata/IWFND/CATALOGSERVICE;v=2/Vocabularies(TechnicalName='%2FIWBEP%2FVOC_COMMON',Version='0001')/$value" xmlns:edmx="http://docs.oasis-open.org/odata/ns/edmx">
		<edmx:Include Alias="Common" Namespace="com.sap.vocabularies.Common.v1"/>
	</edmx:Reference>
	<edmx:Reference Uri="./sap/opu/odata/IWFND/CATALOGSERVICE;v=2/Vocabularies(TechnicalName='%2FIWBEP%2FVOC_CAPABILITIES',Version='0001')/$value" xmlns:edmx="http://docs.oasis-open.org/odata/ns/edmx">
		<edmx:Include Alias="Capabilities" Namespace="Org.OData.Capabilities.V1"/>
	</edmx:Reference>
	<edmx:Reference Uri="./sap/opu/odata/IWFND/CATALOGSERVICE;v=2/Vocabularies(TechnicalName='%2FIWBEP%2FVOC_COMMUNICATION',Version='0001')/$value" xmlns:edmx="http://docs.oasis-open.org/odata/ns/edmx">
		<edmx:Include Alias="Communication" Namespace="com.sap.vocabularies.Communication.v1"/>
	</edmx:Reference>
	<edmx:DataServices m:DataServiceVersion="2.0">
		<Schema Namespace="SLL_CMDTYCD_MANAGE" sap:schema-version="1" xml:lang="en" xmlns="http://schemas.microsoft.com/ado/2008/09/edm">
			<EntityType Name="TrdClassfctnNmbrSchmCntntActnCtrl" sap:content-version="1">
				<Key>
					<PropertyRef Name="TrdClassfctnNmbrSchmCntnt"/>
				</Key>
				<Property Name="TrdClassfctnNmbrSchmCntnt" Nullable="false" Type="Edm.String" sap:creatable="false" sap:filterable="false" sap:sortable="false" sap:unicode="false" sap:updatable="false"/>
				<Property Name="TrdClassfctnNmbrSchmCntntSrce" Nullable="false" Type="Edm.String" sap:creatable="false" sap:filterable="false" sap:sortable="false" sap:unicode="false" sap:updatable="false"/>
				<Property Name="TrdClassfctnNmbrSchmCntntIsEditable" Nullable="false" Type="Edm.Boolean" sap:creatable="false" sap:filterable="false" sap:heading="Flag" sap:label="Indicator" sap:quickinfo="General Flag" sap:sortable="false" sap:unicode="false" sap:updatable="false"/>
			</EntityType>
			<EntityType Name="C_CommodityCodeByLanguageType" sap:content-version="1" sap:label="Additional Data">
				<Key>
					<PropertyRef Name="TrdClassfctnNmbrSchmCntnt"/>
					<PropertyRef Name="CommodityCode"/>
					<PropertyRef Name="ValidityStartDate"/>
					<PropertyRef Name="Language"/>
				</Key>
				<Property MaxLength="10" Name="TrdClassfctnNmbrSchmCntnt" Nullable="false" Type="Edm.String" sap:display-format="UpperCase" sap:filter-restriction="single-value" sap:label="No. Scheme Content" sap:quickinfo="Trade Classification Numbering Scheme Content" sap:required-in-filter="true" sap:text="TrdClassfctnNmbrSchmCntnt_Text" sap:value-list="standard"/>
				<Property MaxLength="60" Name="TrdClassfctnNmbrSchmCntnt_Text" Type="Edm.String" sap:creatable="false" sap:label="Description" sap:quickinfo="Text 60 Characters Long" sap:updatable="false"/>
				<Property MaxLength="30" Name="CommodityCode" Nullable="false" Type="Edm.String" sap:label="Commodity Code"/>
				<Property Name="ValidityStartDate" Nullable="false" Precision="0" Type="Edm.DateTime" sap:display-format="Date" sap:label="Valid From"/>
				<Property MaxLength="2" Name="Language" Nullable="false" Type="Edm.String" sap:label="Language Key"/>
				<Property Name="ValidityEndDate" Precision="0" Type="Edm.DateTime" sap:display-format="Date" sap:label="Valid To"/>
				<Property MaxLength="30" Name="TrdClassfctnNmbrForOfclDesc" Type="Edm.String" sap:label="Number" sap:text="TrdClassfctnNmbrForOfclDesc_Text"/>
				<Property Name="TrdClassfctnNmbrForOfclDesc_Text" Type="Edm.String" sap:label="Official Description"/>
				<Property MaxLength="30" Name="TrdClassfctnNmbrForCnctntdDesc" Type="Edm.String" sap:label="Number" sap:text="TrdClassfctnNmbrForCnctntdDesc_Text"/>
				<Property Name="TrdClassfctnNmbrForCnctntdDesc_Text" Type="Edm.String" sap:creatable="false" sap:label="Concatenated Description" sap:updatable="false"/>
				<Property MaxLength="3" Name="SupplementaryUnit" Type="Edm.String" sap:label="1st Unit" sap:quickinfo="Supplementary Unit" sap:semantics="unit-of-measure" sap:text="to_SupplementaryUnit/UnitOfMeasure_Text" sap:value-list="standard"/>
				<Property MaxLength="3" Name="SecondSupplementaryUnit" Type="Edm.String" sap:label="2nd Unit" sap:quickinfo="Second Supplementary Unit" sap:semantics="unit-of-measure" sap:text="to_SecondSupplementaryUnit/UnitOfMeasure_Text" sap:value-list="standard"/>
				<Property MaxLength="10" Name="CustomsUnitOfMeasure" Type="Edm.String" sap:display-format="UpperCase" sap:label="1st Customs Unit" sap:quickinfo="Customs Unit of Measure" sap:text="to_CustomsUnitOfMeasure/CustomsUnitOfMeasure_Text" sap:value-list="standard"/>
				<Property MaxLength="10" Name="SecondCustomsUnitOfMeasure" Type="Edm.String" sap:display-format="UpperCase" sap:label="2nd Customs Unit" sap:quickinfo="Second Customs Unit of Measure" sap:text="to_SecondCustomsUnitOfMeasure/CustomsUnitOfMeasure_Text" sap:value-list="standard"/>
				<Property MaxLength="10" Name="UnitOfMeasureSystem" Type="Edm.String" sap:display-format="UpperCase" sap:label="UoM System" sap:quickinfo="Unit of Measure System"/>
				<Property MaxLength="12" Name="CreatedByUser" Type="Edm.String" sap:display-format="UpperCase" sap:label="Created By" sap:quickinfo="Name of User Who Created the Object" sap:text="to_CreatedByUser/UserDescription" sap:value-list="standard"/>
				<Property Name="CreationDateTime" Precision="0" Type="Edm.DateTimeOffset" sap:label="Created At" sap:quickinfo="Date and Time When Object Was Added"/>
				<Property MaxLength="12" Name="LastChangedByUser" Type="Edm.String" sap:display-format="UpperCase" sap:label="Changed By" sap:quickinfo="Name of User Who Changed the Object" sap:text="to_LastChangedByUser/UserDescription" sap:value-list="standard"/>
				<Property Name="LastChangeDateTime" Precision="0" Type="Edm.DateTimeOffset" sap:label="Changed At" sap:quickinfo="Date and Time When Object Was Changed"/>
				<NavigationProperty FromRole="FromRole_assoc_998B5228DBA50804E726A344EE11FFB1" Name="to_CreatedByUser" Relationship="SLL_CMDTYCD_MANAGE.assoc_998B5228DBA50804E726A344EE11FFB1" ToRole="ToRole_assoc_998B5228DBA50804E726A344EE11FFB1" sap:filterable="false"/>
				<NavigationProperty FromRole="FromRole_assoc_CDCF2DEB0816FCE8CE306A08BEABC69A" Name="to_CustomsUnitOfMeasure" Relationship="SLL_CMDTYCD_MANAGE.assoc_CDCF2DEB0816FCE8CE306A08BEABC69A" ToRole="ToRole_assoc_CDCF2DEB0816FCE8CE306A08BEABC69A"/>
				<NavigationProperty FromRole="FromRole_assoc_F783D3488FAA288C361D5152A59C198E" Name="to_Language" Relationship="SLL_CMDTYCD_MANAGE.assoc_F783D3488FAA288C361D5152A59C198E" ToRole="ToRole_assoc_F783D3488FAA288C361D5152A59C198E" sap:filterable="false"/>
				<NavigationProperty FromRole="FromRole_assoc_59540278E8241C20FB05ADDA6D9BF621" Name="to_LastChangedByUser" Relationship="SLL_CMDTYCD_MANAGE.assoc_59540278E8241C20FB05ADDA6D9BF621" ToRole="ToRole_assoc_59540278E8241C20FB05ADDA6D9BF621" sap:filterable="false"/>
				<NavigationProperty FromRole="FromRole_assoc_CA0175CE66B9EFD6FFF10D060688DC43" Name="to_SecondCustomsUnitOfMeasure" Relationship="SLL_CMDTYCD_MANAGE.assoc_CA0175CE66B9EFD6FFF10D060688DC43" ToRole="ToRole_assoc_CA0175CE66B9EFD6FFF10D060688DC43"/>
				<NavigationProperty FromRole="FromRole_assoc_0F852692C1356ABF707ABAF3469CBF4A" Name="to_SecondSupplementaryUnit" Relationship="SLL_CMDTYCD_MANAGE.assoc_0F852692C1356ABF707ABAF3469CBF4A" ToRole="ToRole_assoc_0F852692C1356ABF707ABAF3469CBF4A" sap:filterable="false"/>
				<NavigationProperty FromRole="FromRole_assoc_A8D8B8481C4AB6D105B85D176B6DBD28" Name="to_SupplementaryUnit" Relationship="SLL_CMDTYCD_MANAGE.assoc_A8D8B8481C4AB6D105B85D176B6DBD28" ToRole="ToRole_assoc_A8D8B8481C4AB6D105B85D176B6DBD28" sap:filterable="false"/>
			</EntityType>
			<EntityType Name="I_CmmdtyCodeNmbrSchmCntntStdVHType" sap:content-version="1" sap:label="Numbering Scheme Content - Commodity Code Value Help" sap:value-list="true">
				<Key>
					<PropertyRef Name="TrdClassfctnNmbrSchmCntnt"/>
				</Key>
				<Property MaxLength="10" Name="TrdClassfctnNmbrSchmCntnt" Nullable="false" Type="Edm.String" sap:display-format="UpperCase" sap:label="No. Scheme Content" sap:quickinfo="Trade Classification Numbering Scheme Content" sap:text="TrdClassfctnNmbrSchmCntnt_Text"/>
				<Property MaxLength="60" Name="TrdClassfctnNmbrSchmCntnt_Text" Type="Edm.String" sap:creatable="false" sap:label="Description" sap:quickinfo="Text 60 Characters Long" sap:updatable="false"/>
			</EntityType>
			<EntityType Name="I_CustomsUnitOfMeasureVHType" sap:content-version="1" sap:label="Customs Unit of Measure Value Help">
				<Key>
					<PropertyRef Name="UnitOfMeasureSystem"/>
					<PropertyRef Name="CustomsUnitOfMeasure"/>
				</Key>
				<Property MaxLength="10" Name="UnitOfMeasureSystem" Nullable="false" Type="Edm.String" sap:display-format="UpperCase" sap:label="UoM System" sap:quickinfo="Unit of Measure System"/>
				<Property MaxLength="10" Name="CustomsUnitOfMeasure" Nullable="false" Type="Edm.String" sap:display-format="UpperCase" sap:label="Customs UoM" sap:quickinfo="Customs Unit of Measure" sap:text="CustomsUnitOfMeasure_Text"/>
				<Property MaxLength="60" Name="CustomsUnitOfMeasure_Text" Type="Edm.String" sap:creatable="false" sap:label="Description" sap:quickinfo="Customs Unit of Measure Description" sap:updatable="false"/>
			</EntityType>
			<EntityType Name="I_LanguageType" sap:content-version="1" sap:label="Language">
				<Key>
					<PropertyRef Name="Language"/>
				</Key>
				<Property MaxLength="2" Name="Language" Nullable="false" Type="Edm.String" sap:label="Language Key" sap:text="Language_Text"/>
				<Property MaxLength="16" Name="Language_Text" Type="Edm.String" sap:creatable="false" sap:label="Name" sap:quickinfo="Name of Language" sap:updatable="false"/>
				<Property MaxLength="2" Name="LanguageISOCode" Type="Edm.String" sap:display-format="UpperCase" sap:label="Lang. (ISO 639)" sap:quickinfo="2-Character SAP Language Code"/>
			</EntityType>
			<EntityType Name="I_UnitOfMeasureType" sap:content-version="1" sap:label="Unit of Measure">
				<Key>
					<PropertyRef Name="UnitOfMeasure"/>
				</Key>
				<Property MaxLength="3" Name="UnitOfMeasure" Nullable="false" Type="Edm.String" sap:label="Internal UoM" sap:quickinfo="Unit of Measurement" sap:semantics="unit-of-measure" sap:text="UnitOfMeasure_Text"/>
				<Property MaxLength="30" Name="UnitOfMeasure_Text" Type="Edm.String" sap:creatable="false" sap:label="UoM Text" sap:quickinfo="Unit of Measurement Text (Maximum 30 Characters)" sap:updatable="false"/>
				<Property MaxLength="6" Name="UnitOfMeasureDimension" Type="Edm.String" sap:display-format="UpperCase" sap:label="Dimension" sap:quickinfo="Dimension key"/>
				<Property MaxLength="3" Name="UnitOfMeasureISOCode" Type="Edm.String" sap:display-format="UpperCase" sap:label="ISO Code" sap:quickinfo="ISO Code for Unit of Measurement"/>
				<Property Name="UnitOfMeasureNumberOfDecimals" Type="Edm.Int16" sap:label="Decimal Rounding" sap:quickinfo="No. of decimal places for rounding"/>
				<Property Name="UnitOfMeasureDspNmbrOfDcmls" Type="Edm.Int16" sap:label="Decimal Places" sap:quickinfo="Number of Decimal Places for Number Display"/>
			</EntityType>
			<EntityType Name="I_UserType" sap:content-version="1" sap:label="User">
				<Key>
					<PropertyRef Name="UserID"/>
				</Key>
				<Property MaxLength="12" Name="UserID" Nullable="false" Type="Edm.String" sap:display-format="UpperCase" sap:label="User ID"/>
				<Property MaxLength="80" Name="UserDescription" Type="Edm.String" sap:label="Description" sap:quickinfo="User Description"/>
				<Property MaxLength="1" Name="IsTechnicalUser" Type="Edm.String" sap:display-format="UpperCase"/>
			</EntityType>
			<Association Name="assoc_CDCF2DEB0816FCE8CE306A08BEABC69A" sap:content-version="1">
				<End Multiplicity="1" Role="FromRole_assoc_CDCF2DEB0816FCE8CE306A08BEABC69A" Type="SLL_CMDTYCD_MANAGE.C_CommodityCodeByLanguageType"/>
				<End Multiplicity="0..1" Role="ToRole_assoc_CDCF2DEB0816FCE8CE306A08BEABC69A" Type="SLL_CMDTYCD_MANAGE.I_CustomsUnitOfMeasureVHType"/>
				<ReferentialConstraint>
					<Principal Role="ToRole_assoc_CDCF2DEB0816FCE8CE306A08BEABC69A">
						<PropertyRef Name="UnitOfMeasureSystem"/>
						<PropertyRef Name="CustomsUnitOfMeasure"/>
					</Principal>
					<Dependent Role="FromRole_assoc_CDCF2DEB0816FCE8CE306A08BEABC69A">
						<PropertyRef Name="UnitOfMeasureSystem"/>
						<PropertyRef Name="CustomsUnitOfMeasure"/>
					</Dependent>
				</ReferentialConstraint>
			</Association>
			<Association Name="assoc_F783D3488FAA288C361D5152A59C198E" sap:content-version="1">
				<End Multiplicity="1" Role="FromRole_assoc_F783D3488FAA288C361D5152A59C198E" Type="SLL_CMDTYCD_MANAGE.C_CommodityCodeByLanguageType"/>
				<End Multiplicity="0..1" Role="ToRole_assoc_F783D3488FAA288C361D5152A59C198E" Type="SLL_CMDTYCD_MANAGE.I_LanguageType"/>
			</Association>
			<Association Name="assoc_59540278E8241C20FB05ADDA6D9BF621" sap:content-version="1">
				<End Multiplicity="1" Role="FromRole_assoc_59540278E8241C20FB05ADDA6D9BF621" Type="SLL_CMDTYCD_MANAGE.C_CommodityCodeByLanguageType"/>
				<End Multiplicity="0..1" Role="ToRole_assoc_59540278E8241C20FB05ADDA6D9BF621" Type="SLL_CMDTYCD_MANAGE.I_UserType"/>
				<ReferentialConstraint>
					<Principal Role="ToRole_assoc_59540278E8241C20FB05ADDA6D9BF621">
						<PropertyRef Name="UserID"/>
					</Principal>
					<Dependent Role="FromRole_assoc_59540278E8241C20FB05ADDA6D9BF621">
						<PropertyRef Name="LastChangedByUser"/>
					</Dependent>
				</ReferentialConstraint>
			</Association>
			<Association Name="assoc_CA0175CE66B9EFD6FFF10D060688DC43" sap:content-version="1">
				<End Multiplicity="1" Role="FromRole_assoc_CA0175CE66B9EFD6FFF10D060688DC43" Type="SLL_CMDTYCD_MANAGE.C_CommodityCodeByLanguageType"/>
				<End Multiplicity="0..1" Role="ToRole_assoc_CA0175CE66B9EFD6FFF10D060688DC43" Type="SLL_CMDTYCD_MANAGE.I_CustomsUnitOfMeasureVHType"/>
				<ReferentialConstraint>
					<Principal Role="ToRole_assoc_CA0175CE66B9EFD6FFF10D060688DC43">
						<PropertyRef Name="UnitOfMeasureSystem"/>
						<PropertyRef Name="CustomsUnitOfMeasure"/>
					</Principal>
					<Dependent Role="FromRole_assoc_CA0175CE66B9EFD6FFF10D060688DC43">
						<PropertyRef Name="UnitOfMeasureSystem"/>
						<PropertyRef Name="SecondCustomsUnitOfMeasure"/>
					</Dependent>
				</ReferentialConstraint>
			</Association>
			<Association Name="assoc_0F852692C1356ABF707ABAF3469CBF4A" sap:content-version="1">
				<End Multiplicity="1" Role="FromRole_assoc_0F852692C1356ABF707ABAF3469CBF4A" Type="SLL_CMDTYCD_MANAGE.C_CommodityCodeByLanguageType"/>
				<End Multiplicity="0..1" Role="ToRole_assoc_0F852692C1356ABF707ABAF3469CBF4A" Type="SLL_CMDTYCD_MANAGE.I_UnitOfMeasureType"/>
				<ReferentialConstraint>
					<Principal Role="ToRole_assoc_0F852692C1356ABF707ABAF3469CBF4A">
						<PropertyRef Name="UnitOfMeasure"/>
					</Principal>
					<Dependent Role="FromRole_assoc_0F852692C1356ABF707ABAF3469CBF4A">
						<PropertyRef Name="SecondSupplementaryUnit"/>
					</Dependent>
				</ReferentialConstraint>
			</Association>
			<Association Name="assoc_A8D8B8481C4AB6D105B85D176B6DBD28" sap:content-version="1">
				<End Multiplicity="1" Role="FromRole_assoc_A8D8B8481C4AB6D105B85D176B6DBD28" Type="SLL_CMDTYCD_MANAGE.C_CommodityCodeByLanguageType"/>
				<End Multiplicity="0..1" Role="ToRole_assoc_A8D8B8481C4AB6D105B85D176B6DBD28" Type="SLL_CMDTYCD_MANAGE.I_UnitOfMeasureType"/>
				<ReferentialConstraint>
					<Principal Role="ToRole_assoc_A8D8B8481C4AB6D105B85D176B6DBD28">
						<PropertyRef Name="UnitOfMeasure"/>
					</Principal>
					<Dependent Role="FromRole_assoc_A8D8B8481C4AB6D105B85D176B6DBD28">
						<PropertyRef Name="SupplementaryUnit"/>
					</Dependent>
				</ReferentialConstraint>
			</Association>
			<Association Name="assoc_998B5228DBA50804E726A344EE11FFB1" sap:content-version="1">
				<End Multiplicity="1" Role="FromRole_assoc_998B5228DBA50804E726A344EE11FFB1" Type="SLL_CMDTYCD_MANAGE.C_CommodityCodeByLanguageType"/>
				<End Multiplicity="0..1" Role="ToRole_assoc_998B5228DBA50804E726A344EE11FFB1" Type="SLL_CMDTYCD_MANAGE.I_UserType"/>
				<ReferentialConstraint>
					<Principal Role="ToRole_assoc_998B5228DBA50804E726A344EE11FFB1">
						<PropertyRef Name="UserID"/>
					</Principal>
					<Dependent Role="FromRole_assoc_998B5228DBA50804E726A344EE11FFB1">
						<PropertyRef Name="CreatedByUser"/>
					</Dependent>
				</ReferentialConstraint>
			</Association>
			<EntityContainer Name="SLL_CMDTYCD_MANAGE_Entities" m:IsDefaultEntityContainer="true" sap:supported-formats="atom json xlsx">
				<EntitySet EntityType="SLL_CMDTYCD_MANAGE.TrdClassfctnNmbrSchmCntntActnCtrl" Name="TrdClassfctnNmbrSchmCntntActnCtrlSet" sap:addressable="false" sap:content-version="1" sap:creatable="false" sap:deletable="false" sap:pageable="false" sap:updatable="false"/>
				<EntitySet EntityType="SLL_CMDTYCD_MANAGE.C_CommodityCodeByLanguageType" Name="C_CommodityCodeByLanguage" sap:content-version="1" sap:requires-filter="true"/>
				<EntitySet EntityType="SLL_CMDTYCD_MANAGE.I_CmmdtyCodeNmbrSchmCntntStdVHType" Name="I_CmmdtyCodeNmbrSchmCntntStdVH" sap:content-version="1" sap:creatable="false" sap:deletable="false" sap:updatable="false"/>
				<EntitySet EntityType="SLL_CMDTYCD_MANAGE.I_CustomsUnitOfMeasureVHType" Name="I_CustomsUnitOfMeasureVH" sap:content-version="1" sap:creatable="false" sap:deletable="false" sap:searchable="true" sap:updatable="false"/>
				<EntitySet EntityType="SLL_CMDTYCD_MANAGE.I_LanguageType" Name="I_Language" sap:content-version="1" sap:creatable="false" sap:deletable="false" sap:searchable="true" sap:updatable="false"/>
				<EntitySet EntityType="SLL_CMDTYCD_MANAGE.I_UnitOfMeasureType" Name="I_UnitOfMeasure" sap:content-version="1" sap:creatable="false" sap:deletable="false" sap:searchable="true" sap:updatable="false"/>
				<EntitySet EntityType="SLL_CMDTYCD_MANAGE.I_UserType" Name="I_User" sap:addressable="false" sap:content-version="1" sap:creatable="false" sap:deletable="false" sap:updatable="false"/>
				<AssociationSet Association="SLL_CMDTYCD_MANAGE.assoc_998B5228DBA50804E726A344EE11FFB1" Name="assoc_998B5228DBA50804E726A344EE11FFB1" sap:content-version="1" sap:creatable="false" sap:deletable="false" sap:updatable="false">
					<End EntitySet="C_CommodityCodeByLanguage" Role="FromRole_assoc_998B5228DBA50804E726A344EE11FFB1"/>
					<End EntitySet="I_User" Role="ToRole_assoc_998B5228DBA50804E726A344EE11FFB1"/>
				</AssociationSet>
				<AssociationSet Association="SLL_CMDTYCD_MANAGE.assoc_0F852692C1356ABF707ABAF3469CBF4A" Name="assoc_0F852692C1356ABF707ABAF3469CBF4A" sap:content-version="1" sap:creatable="false" sap:deletable="false" sap:updatable="false">
					<End EntitySet="C_CommodityCodeByLanguage" Role="FromRole_assoc_0F852692C1356ABF707ABAF3469CBF4A"/>
					<End EntitySet="I_UnitOfMeasure" Role="ToRole_assoc_0F852692C1356ABF707ABAF3469CBF4A"/>
				</AssociationSet>
				<AssociationSet Association="SLL_CMDTYCD_MANAGE.assoc_F783D3488FAA288C361D5152A59C198E" Name="assoc_F783D3488FAA288C361D5152A59C198E" sap:content-version="1" sap:creatable="false" sap:deletable="false" sap:updatable="false">
					<End EntitySet="C_CommodityCodeByLanguage" Role="FromRole_assoc_F783D3488FAA288C361D5152A59C198E"/>
					<End EntitySet="I_Language" Role="ToRole_assoc_F783D3488FAA288C361D5152A59C198E"/>
				</AssociationSet>
				<AssociationSet Association="SLL_CMDTYCD_MANAGE.assoc_CDCF2DEB0816FCE8CE306A08BEABC69A" Name="assoc_CDCF2DEB0816FCE8CE306A08BEABC69A" sap:content-version="1" sap:creatable="false" sap:deletable="false" sap:updatable="false">
					<End EntitySet="C_CommodityCodeByLanguage" Role="FromRole_assoc_CDCF2DEB0816FCE8CE306A08BEABC69A"/>
					<End EntitySet="I_CustomsUnitOfMeasureVH" Role="ToRole_assoc_CDCF2DEB0816FCE8CE306A08BEABC69A"/>
				</AssociationSet>
				<AssociationSet Association="SLL_CMDTYCD_MANAGE.assoc_A8D8B8481C4AB6D105B85D176B6DBD28" Name="assoc_A8D8B8481C4AB6D105B85D176B6DBD28" sap:content-version="1" sap:creatable="false" sap:deletable="false" sap:updatable="false">
					<End EntitySet="C_CommodityCodeByLanguage" Role="FromRole_assoc_A8D8B8481C4AB6D105B85D176B6DBD28"/>
					<End EntitySet="I_UnitOfMeasure" Role="ToRole_assoc_A8D8B8481C4AB6D105B85D176B6DBD28"/>
				</AssociationSet>
				<AssociationSet Association="SLL_CMDTYCD_MANAGE.assoc_CA0175CE66B9EFD6FFF10D060688DC43" Name="assoc_CA0175CE66B9EFD6FFF10D060688DC43" sap:content-version="1" sap:creatable="false" sap:deletable="false" sap:updatable="false">
					<End EntitySet="C_CommodityCodeByLanguage" Role="FromRole_assoc_CA0175CE66B9EFD6FFF10D060688DC43"/>
					<End EntitySet="I_CustomsUnitOfMeasureVH" Role="ToRole_assoc_CA0175CE66B9EFD6FFF10D060688DC43"/>
				</AssociationSet>
				<AssociationSet Association="SLL_CMDTYCD_MANAGE.assoc_59540278E8241C20FB05ADDA6D9BF621" Name="assoc_59540278E8241C20FB05ADDA6D9BF621" sap:content-version="1" sap:creatable="false" sap:deletable="false" sap:updatable="false">
					<End EntitySet="C_CommodityCodeByLanguage" Role="FromRole_assoc_59540278E8241C20FB05ADDA6D9BF621"/>
					<End EntitySet="I_User" Role="ToRole_assoc_59540278E8241C20FB05ADDA6D9BF621"/>
				</AssociationSet>
			</EntityContainer>
			<Annotations Target="SLL_CMDTYCD_MANAGE.C_CommodityCodeByLanguageType/TrdClassfctnNmbrSchmCntnt" xmlns="http://docs.oasis-open.org/odata/ns/edm">
				<Annotation Term="Common.ValueList">
					<Record>
						<PropertyValue Property="Label" String="Numbering Scheme Content - Commodity Code Value Help"/>
						<PropertyValue Property="CollectionPath" String="I_CmmdtyCodeNmbrSchmCntntStdVH"/>
						<PropertyValue Bool="false" Property="SearchSupported"/>
						<PropertyValue Property="Parameters">
							<Collection>
								<Record Type="Common.ValueListParameterInOut">
									<PropertyValue Property="LocalDataProperty" PropertyPath="TrdClassfctnNmbrSchmCntnt"/>
									<PropertyValue Property="ValueListProperty" String="TrdClassfctnNmbrSchmCntnt"/>
								</Record>
								<Record Type="Common.ValueListParameterDisplayOnly">
									<PropertyValue Property="ValueListProperty" String="TrdClassfctnNmbrSchmCntnt_Text"/>
								</Record>
							</Collection>
						</PropertyValue>
					</Record>
				</Annotation>
			</Annotations>
			<Annotations Target="SLL_CMDTYCD_MANAGE.C_CommodityCodeByLanguageType/SupplementaryUnit" xmlns="http://docs.oasis-open.org/odata/ns/edm">
				<Annotation Term="Common.ValueList">
					<Record>
						<PropertyValue Property="Label" String="Unit of Measure"/>
						<PropertyValue Property="CollectionPath" String="I_UnitOfMeasure"/>
						<PropertyValue Bool="false" Property="SearchSupported"/>
						<PropertyValue Property="Parameters">
							<Collection>
								<Record Type="Common.ValueListParameterInOut">
									<PropertyValue Property="LocalDataProperty" PropertyPath="SupplementaryUnit"/>
									<PropertyValue Property="ValueListProperty" String="UnitOfMeasure"/>
								</Record>
								<Record Type="Common.ValueListParameterDisplayOnly">
									<PropertyValue Property="ValueListProperty" String="UnitOfMeasure_Text"/>
								</Record>
							</Collection>
						</PropertyValue>
					</Record>
				</Annotation>
			</Annotations>
			<Annotations Target="SLL_CMDTYCD_MANAGE.C_CommodityCodeByLanguageType/SecondSupplementaryUnit" xmlns="http://docs.oasis-open.org/odata/ns/edm">
				<Annotation Term="Common.ValueList">
					<Record>
						<PropertyValue Property="Label" String="Unit of Measure"/>
						<PropertyValue Property="CollectionPath" String="I_UnitOfMeasure"/>
						<PropertyValue Bool="false" Property="SearchSupported"/>
						<PropertyValue Property="Parameters">
							<Collection>
								<Record Type="Common.ValueListParameterInOut">
									<PropertyValue Property="LocalDataProperty" PropertyPath="SecondSupplementaryUnit"/>
									<PropertyValue Property="ValueListProperty" String="UnitOfMeasure"/>
								</Record>
								<Record Type="Common.ValueListParameterDisplayOnly">
									<PropertyValue Property="ValueListProperty" String="UnitOfMeasure_Text"/>
								</Record>
							</Collection>
						</PropertyValue>
					</Record>
				</Annotation>
			</Annotations>
			<Annotations Target="SLL_CMDTYCD_MANAGE.C_CommodityCodeByLanguageType/CustomsUnitOfMeasure" xmlns="http://docs.oasis-open.org/odata/ns/edm">
				<Annotation Term="Common.ValueList">
					<Record>
						<PropertyValue Property="Label" String="Customs Unit of Measure Value Help"/>
						<PropertyValue Property="CollectionPath" String="I_CustomsUnitOfMeasureVH"/>
						<PropertyValue Bool="true" Property="SearchSupported"/>
						<PropertyValue Property="Parameters">
							<Collection>
								<Record Type="Common.ValueListParameterInOut">
									<PropertyValue Property="LocalDataProperty" PropertyPath="UnitOfMeasureSystem"/>
									<PropertyValue Property="ValueListProperty" String="UnitOfMeasureSystem"/>
								</Record>
								<Record Type="Common.ValueListParameterInOut">
									<PropertyValue Property="LocalDataProperty" PropertyPath="CustomsUnitOfMeasure"/>
									<PropertyValue Property="ValueListProperty" String="CustomsUnitOfMeasure"/>
								</Record>
								<Record Type="Common.ValueListParameterDisplayOnly">
									<PropertyValue Property="ValueListProperty" String="CustomsUnitOfMeasure_Text"/>
								</Record>
							</Collection>
						</PropertyValue>
					</Record>
				</Annotation>
			</Annotations>
			<Annotations Target="SLL_CMDTYCD_MANAGE.C_CommodityCodeByLanguageType/SecondCustomsUnitOfMeasure" xmlns="http://docs.oasis-open.org/odata/ns/edm">
				<Annotation Term="Common.ValueList">
					<Record>
						<PropertyValue Property="Label" String="Customs Unit of Measure Value Help"/>
						<PropertyValue Property="CollectionPath" String="I_CustomsUnitOfMeasureVH"/>
						<PropertyValue Bool="true" Property="SearchSupported"/>
						<PropertyValue Property="Parameters">
							<Collection>
								<Record Type="Common.ValueListParameterInOut">
									<PropertyValue Property="LocalDataProperty" PropertyPath="UnitOfMeasureSystem"/>
									<PropertyValue Property="ValueListProperty" String="UnitOfMeasureSystem"/>
								</Record>
								<Record Type="Common.ValueListParameterInOut">
									<PropertyValue Property="LocalDataProperty" PropertyPath="SecondCustomsUnitOfMeasure"/>
									<PropertyValue Property="ValueListProperty" String="CustomsUnitOfMeasure"/>
								</Record>
								<Record Type="Common.ValueListParameterDisplayOnly">
									<PropertyValue Property="ValueListProperty" String="CustomsUnitOfMeasure_Text"/>
								</Record>
							</Collection>
						</PropertyValue>
					</Record>
				</Annotation>
			</Annotations>
			<Annotations Target="SLL_CMDTYCD_MANAGE.SLL_CMDTYCD_MANAGE_Entities/C_CommodityCodeByLanguage" xmlns="http://docs.oasis-open.org/odata/ns/edm">
				<Annotation Term="Capabilities.FilterRestrictions">
					<Record>
						<PropertyValue Bool="true" Property="RequiresFilter"/>
						<PropertyValue Property="RequiredProperties">
							<Collection>
								<PropertyPath>TrdClassfctnNmbrSchmCntnt</PropertyPath>
							</Collection>
						</PropertyValue>
						<PropertyValue Property="FilterExpressionRestrictions">
							<Collection>
								<Record>
									<PropertyValue Property="Property" PropertyPath="TrdClassfctnNmbrSchmCntnt"/>
									<PropertyValue Property="AllowedExpressions" String="SingleValue"/>
								</Record>
							</Collection>
						</PropertyValue>
					</Record>
				</Annotation>
			</Annotations>
			<Annotations Target="SLL_CMDTYCD_MANAGE.I_UnitOfMeasureType/UnitOfMeasure" xmlns="http://docs.oasis-open.org/odata/ns/edm">
				<Annotation Path="UnitOfMeasureDspNmbrOfDcmls" Term="Common.UnitSpecificScale"/>
			</Annotations>
			<atom:link href="./sap/opu/odata/sap/SLL_CMDTYCD_MANAGE/$metadata" rel="self" xmlns:atom="http://www.w3.org/2005/Atom"/>
			<atom:link href="./sap/opu/odata/sap/SLL_CMDTYCD_MANAGE/$metadata" rel="latest-version" xmlns:atom="http://www.w3.org/2005/Atom"/>
		</Schema>
	</edmx:DataServices>
</edmx:Edmx>