<!--

    Copyright (C) 2009-2021 SAP SE or an SAP affiliate company. All rights reserved.

-->
<edmx:Edmx xmlns:edmx="http://docs.oasis-open.org/odata/ns/edmx" Version="4.0">
	<edmx:Reference Uri="../../catalogservice;v=2/Vocabularies(TechnicalName='%2FIWBEP%2FVOC_COMMON',Version='0001')/$value">
		<edmx:Include Namespace="com.sap.vocabularies.Common.v1" Alias="Common"/>
	</edmx:Reference>
	<edmx:Reference Uri="../../catalogservice;v=2/Vocabularies(TechnicalName='%2FIWBEP%2FVOC_UI',Version='0001')/$value">
		<edmx:Include Namespace="com.sap.vocabularies.UI.v1" Alias="UI"/>
	</edmx:Reference>
	<edmx:Reference Uri="../../catalogservice;v=2/Vocabularies(TechnicalName='%2FIWBEP%2FVOC_COMMUNICATION',Version='0001')/$value">
		<edmx:Include Namespace="com.sap.vocabularies.Communication.v1" Alias="Communication"/>
	</edmx:Reference>
	<edmx:Reference Uri="../../../sap/sll_cmdtycd_manage/$metadata">
		<edmx:Include Namespace="SLL_CMDTYCD_MANAGE" Alias="SAP"/>
	</edmx:Reference>
	<edmx:DataServices>
		<Schema xmlns="http://docs.oasis-open.org/odata/ns/edm" Namespace="sll_cmdtycd_manage_anno_mdl.v1">
			<Annotations Target="SLL_CMDTYCD_MANAGE.C_CommodityCodeByLanguageType/Language">
				<Annotation Term="UI.HiddenFilter"/>
				<Annotation Term="UI.Hidden"/>
			</Annotations>
			<Annotations Target="SLL_CMDTYCD_MANAGE.C_CommodityCodeByLanguageType/TrdClassfctnNmbrSchmCntnt_Text">
				<Annotation Term="UI.HiddenFilter"/>
				<Annotation Term="UI.Hidden"/>
			</Annotations>
			<Annotations Target="SLL_CMDTYCD_MANAGE.C_CommodityCodeByLanguageType/SupplementaryUnit">
				<Annotation Term="UI.HiddenFilter"/>
			</Annotations>
			<Annotations Target="SLL_CMDTYCD_MANAGE.C_CommodityCodeByLanguageType/SecondSupplementaryUnit">
				<Annotation Term="UI.HiddenFilter"/>
			</Annotations>
			<Annotations Target="SLL_CMDTYCD_MANAGE.C_CommodityCodeByLanguageType/CustomsUnitOfMeasure">
				<Annotation Term="UI.HiddenFilter"/>
			</Annotations>
			<Annotations Target="SLL_CMDTYCD_MANAGE.C_CommodityCodeByLanguageType/SecondCustomsUnitOfMeasure">
				<Annotation Term="UI.HiddenFilter"/>
			</Annotations>
			<Annotations Target="SLL_CMDTYCD_MANAGE.C_CommodityCodeByLanguageType/UnitOfMeasureSystem">
				<Annotation Term="UI.HiddenFilter"/>
			</Annotations>
			<Annotations Target="SLL_CMDTYCD_MANAGE.C_CommodityCodeByLanguageType/CreationDateTime">
				<Annotation Term="UI.HiddenFilter"/>
			</Annotations>
			<Annotations Target="SLL_CMDTYCD_MANAGE.C_CommodityCodeByLanguageType/LastChangeDateTime">
				<Annotation Term="UI.HiddenFilter"/>
			</Annotations>
			<Annotations Target="SLL_CMDTYCD_MANAGE.C_CommodityCodeByLanguageType/to_CustomsUnitOfMeasure">
				<Annotation Term="UI.HiddenFilter"/>
			</Annotations>
			<Annotations Target="SLL_CMDTYCD_MANAGE.C_CommodityCodeByLanguageType/to_SecondCustomsUnitOfMeasure">
				<Annotation Term="UI.HiddenFilter"/>
			</Annotations>
			<Annotations Target="SLL_CMDTYCD_MANAGE.C_CommodityCodeByLanguageType/TrdClassfctnNmbrForOfclDesc_Text">
				<Annotation Term="UI.MultiLineText"/>
			</Annotations>
			<Annotations Target="SLL_CMDTYCD_MANAGE.C_CommodityCodeByLanguageType/CommodityCode">
				<Annotation Term="Common.SemanticObject" String="CommodityCode"/>
				<Annotation Term="Common.Text" Path="TrdClassfctnNmbrForOfclDesc_Text">
					<Annotation Term="UI.TextArrangement" EnumMember="UI.TextArrangementType/TextSeparate"/>
				</Annotation>
			</Annotations>
			<Annotations Target="SLL_CMDTYCD_MANAGE.C_CommodityCodeByLanguageType">
				<Annotation Term="UI.QuickViewFacets">
					<Collection>
						<Record Type="UI.ReferenceFacet">
							<PropertyValue Property="Target" AnnotationPath="@UI.FieldGroup#QUICK_VIEW"/>
						</Record>
					</Collection>
				</Annotation>
				<Annotation Term="UI.FieldGroup" Qualifier="QUICK_VIEW">
					<Record>
						<PropertyValue Property="Data">
							<Collection>
								<Record Type="UI.DataField">
									<PropertyValue Property="Value" Path="TrdClassfctnNmbrSchmCntnt"/>
								</Record>
								<Record Type="UI.DataField">
									<PropertyValue Property="Value" Path="CommodityCode"/>
								</Record>
								<Record Type="UI.DataField">
									<PropertyValue Property="Value" Path="ValidityStartDate"/>
								</Record>
								<Record Type="UI.DataField">
									<PropertyValue Property="Value" Path="ValidityEndDate"/>
								</Record>
								<Record Type="UI.DataField">
									<PropertyValue Property="Value" Path="Language"/>
								</Record>
								<Record Type="UI.DataField">
									<PropertyValue Property="Value" Path="TrdClassfctnNmbrForOfclDesc_Text"/>
								</Record>
								<Record Type="UI.DataField">
									<PropertyValue Property="Value" Path="CreatedByUser"/>
								</Record>
								<Record Type="UI.DataField">
									<PropertyValue Property="Value" Path="CreationDateTime"/>
								</Record>
								<Record Type="UI.DataField">
									<PropertyValue Property="Value" Path="LastChangedByUser"/>
								</Record>
								<Record Type="UI.DataField">
									<PropertyValue Property="Value" Path="LastChangeDateTime"/>
								</Record>
							</Collection>
						</PropertyValue>
						<PropertyValue Property="Label" String="Additional Data"/>
					</Record>
				</Annotation>
				<Annotation Term="UI.HeaderInfo">
					<Record>
						<PropertyValue Property="TypeName" String="Commodity Code"/>
						<PropertyValue Property="TypeNamePlural" String="Commodity Codes"/>
						<PropertyValue Property="Title">
							<Record Type="UI.DataField">
								<PropertyValue Property="Value" Path="CommodityCode"/>
							</Record>
						</PropertyValue>
						<PropertyValue Property="Description">
							<Record Type="UI.DataField">
								<PropertyValue Property="Value" Path="TrdClassfctnNmbrForOfclDesc_Text"/>
							</Record>
						</PropertyValue>
					</Record>
				</Annotation>
				<Annotation Term="UI.LineItem">
					<Collection>
						<Record Type="UI.DataField">
							<PropertyValue Property="Value" Path="CommodityCode"/>
						</Record>
						<Record Type="UI.DataField">
							<PropertyValue Property="Value" Path="TrdClassfctnNmbrForOfclDesc_Text"/>
						</Record>
						<Record Type="UI.DataField">
							<PropertyValue Property="Value" Path="ValidityStartDate"/>
						</Record>
						<Record Type="UI.DataField">
							<PropertyValue Property="Value" Path="ValidityEndDate"/>
						</Record>
					</Collection>
				</Annotation>
				<Annotation Term="UI.SelectionFields">
					<Collection>
						<PropertyPath>TrdClassfctnNmbrSchmCntnt</PropertyPath>
						<PropertyPath>CommodityCode</PropertyPath>
						<PropertyPath>TrdClassfctnNmbrForOfclDesc_Text</PropertyPath>
						<PropertyPath>ValidityStartDate</PropertyPath>
						<PropertyPath>ValidityEndDate</PropertyPath>
					</Collection>
				</Annotation>
				<Annotation Term="UI.PresentationVariant">
					<Record>
						<PropertyValue Property="RequestAtLeast">
							<Collection>
								<PropertyPath>TrdClassfctnNmbrSchmCntnt</PropertyPath>
								<PropertyPath>Language</PropertyPath>
								<PropertyPath>CommodityCode</PropertyPath>
							</Collection>
						</PropertyValue>
					</Record>
				</Annotation>
			</Annotations>
		</Schema>
	</edmx:DataServices>
</edmx:Edmx>